size_name,mapsize,quantization_error,topographic_error
5x5,"(5, 5)",4.734787500820725,0.24
7x7,"(7, 7)",4.244013158022346,0.12
10x10,"(10, 10)",3.903502961882596,0.15
12x12,"(12, 12)",3.7511809309325987,0.14833333333333334
15x15,"(15, 15)",3.555548621462714,0.065
20x20,"(20, 20)",3.3347353479152413,0.045
