{
    "size_name": "12x12",
    "mapsize": [
        12,
        12
    ],
    "quantization_error": 3.7511809309325987,
    "topographic_error": 0.14833333333333334
}