{
    "20news": {
        "TF_IDF": {
            "ARI": 0.19057655743662916,
            "NMI": 0.26195779527466023
        },
        "SBERT": {
            "ARI": 0.1550609740674143,
            "NMI": 0.2788340016618365
        }
    },
    "6class": {
        "TF_IDF": {
            "ARI": 0.11016199732150453,
            "NMI": 0.22646834257297013
        },
        "SBERT": {
            "ARI": 0.18591648366853974,
            "NMI": 0.24854273141912794
        }
    }
}