{
    "20news": {
        "TF_IDF": {
            "ARI": 0.19813806726981156,
            "NMI": 0.22445093843040118
        },
        "SBERT": {
            "ARI": 0.4177411885425412,
            "NMI": 0.48280668552556955
        }
    },
    "6class": {
        "TF_IDF": {
            "ARI": 0.12860927953867207,
            "NMI": 0.21197108466746267
        },
        "SBERT": {
            "ARI": 0.11777334806051686,
            "NMI": 0.18223965956636623
        }
    }
}