{
    "20news": {
        "TF_IDF": {
            "ARI": 0.19813806726981156,
            "NMI": 0.22445093843040118
        },
        "SBERT": {
            "ARI": 0.4177411885425412,
            "NMI": 0.48280668552556955
        }
    },
    "6class": {
        "TF_IDF": {
            "ARI": 0.4980434693852304,
            "NMI": 0.6527707028242606
        },
        "SBERT": {
            "ARI": 0.2573933506223678,
            "NMI": 0.33019767933912475
        }
    }
}