{
    "TF_IDF": {
        "ARI": 0.1972792723482349,
        "NMI": 0.26863611144838484
    },
    "SBERT": {
        "ARI": 0.2737589838082489,
        "NMI": 0.3443208578270819
    }
}