dataset,model,size,variant,seed,pearson_r,rel_diff_pct,scale_ratio,seg_ari,ari_ground_a,ari_ground_b
synthetic_control,SOM_5x5_RECT_planar,5x5,RECT_planar,42,0.9916562303664214,16.929617097784426,1.1692961709778444,0.6402590135102726,0.205270931471263,0.17237688407227073
synthetic_control,SOM_5x5_RECT_planar,5x5,RECT_planar,43,0.9879561263485951,16.575809716573257,1.1657580971657326,1.0,0.33623668191051154,0.33623668191051154
synthetic_control,SOM_5x5_RECT_planar,5x5,RECT_planar,44,0.9916562303664216,16.929617097784426,1.1692961709778442,0.6402590135102726,0.205270931471263,0.17237688407227073
synthetic_control,SOM_5x5_RECT_planar,5x5,RECT_planar,45,0.9878796959598993,16.616076297780165,1.1661607629778017,0.8790105753719305,0.2589533184174485,0.2628454952279023
synthetic_control,SOM_5x5_RECT_planar,5x5,RECT_planar,46,0.9916562303664214,16.929617097784426,1.1692961709778444,0.6402590135102726,0.205270931471263,0.17237688407227073
synthetic_control,SOM_5x5_RECT_planar,5x5,RECT_planar,47,0.9878796959598993,16.616076297780165,1.1661607629778017,0.8790105753719305,0.2589533184174485,0.2628454952279023
synthetic_control,SOM_5x5_RECT_planar,5x5,RECT_planar,48,0.9916562303664214,16.929617097784426,1.1692961709778444,0.6402590135102726,0.205270931471263,0.17237688407227073
synthetic_control,SOM_5x5_RECT_planar,5x5,RECT_planar,49,0.9916562303664214,16.929617097784426,1.1692961709778442,0.6402590135102726,0.205270931471263,0.17237688407227073
synthetic_control,SOM_5x5_RECT_planar,5x5,RECT_planar,50,0.9916562303664216,16.929617097784433,1.1692961709778447,0.6402590135102726,0.205270931471263,0.17237688407227073
synthetic_control,SOM_5x5_RECT_planar,5x5,RECT_planar,51,0.9916562303664214,16.929617097784426,1.1692961709778444,0.6402590135102726,0.205270931471263,0.17237688407227073
synthetic_control,SOM_5x5_RECT_planar,5x5,RECT_planar,52,0.9916562303664214,16.929617097784426,1.1692961709778444,0.6402590135102726,0.205270931471263,0.17237688407227073
synthetic_control,SOM_5x5_RECT_planar,5x5,RECT_planar,53,0.9879561263485952,16.575809716573257,1.1657580971657329,1.0,0.33623668191051154,0.33623668191051154
synthetic_control,SOM_5x5_RECT_planar,5x5,RECT_planar,54,0.9879561263485951,16.575809716573257,1.1657580971657326,1.0,0.33623668191051154,0.33623668191051154
synthetic_control,SOM_5x5_RECT_planar,5x5,RECT_planar,55,0.9916562303664214,16.929617097784426,1.1692961709778444,0.6402590135102726,0.205270931471263,0.17237688407227073
synthetic_control,SOM_5x5_RECT_planar,5x5,RECT_planar,56,0.9916562303664216,16.929617097784426,1.1692961709778442,0.6402590135102726,0.205270931471263,0.17237688407227073
synthetic_control,SOM_5x5_RECT_planar,5x5,RECT_planar,57,0.9916562303664216,16.929617097784426,1.1692961709778442,0.6402590135102726,0.205270931471263,0.17237688407227073
synthetic_control,SOM_5x5_RECT_planar,5x5,RECT_planar,58,0.9916562303664214,16.929617097784426,1.1692961709778442,0.6402590135102726,0.205270931471263,0.17237688407227073
synthetic_control,SOM_5x5_RECT_planar,5x5,RECT_planar,59,0.9916562303664214,16.929617097784426,1.1692961709778444,0.6402590135102726,0.205270931471263,0.17237688407227073
synthetic_control,SOM_5x5_RECT_planar,5x5,RECT_planar,60,0.9916562303664214,16.929617097784426,1.1692961709778444,0.6402590135102726,0.205270931471263,0.17237688407227073
synthetic_control,SOM_5x5_RECT_planar,5x5,RECT_planar,61,0.9916562303664217,16.929617097784426,1.1692961709778444,0.6402590135102726,0.205270931471263,0.17237688407227073
synthetic_control,SOM_5x5_RECT_planar,5x5,RECT_planar,62,0.9916562303664216,16.929617097784426,1.1692961709778442,0.6402590135102726,0.205270931471263,0.17237688407227073
synthetic_control,SOM_5x5_RECT_planar,5x5,RECT_planar,63,0.9916562303664216,16.929617097784433,1.1692961709778447,0.6402590135102726,0.205270931471263,0.17237688407227073
synthetic_control,SOM_5x5_RECT_planar,5x5,RECT_planar,64,0.9916562303664214,16.929617097784426,1.1692961709778444,0.6402590135102726,0.205270931471263,0.17237688407227073
synthetic_control,SOM_5x5_RECT_planar,5x5,RECT_planar,65,0.9916562303664214,16.929617097784426,1.1692961709778442,0.6402590135102726,0.205270931471263,0.17237688407227073
synthetic_control,SOM_5x5_RECT_planar,5x5,RECT_planar,66,0.9916562303664216,16.929617097784433,1.1692961709778444,0.6402590135102726,0.205270931471263,0.17237688407227073
synthetic_control,SOM_5x5_RECT_planar,5x5,RECT_planar,67,0.9878796959598992,16.61607629778017,1.1661607629778017,0.8790105753719305,0.2589533184174485,0.2628454952279023
synthetic_control,SOM_5x5_RECT_planar,5x5,RECT_planar,68,0.9916562303664216,16.929617097784433,1.1692961709778444,0.6402590135102726,0.205270931471263,0.17237688407227073
synthetic_control,SOM_5x5_RECT_planar,5x5,RECT_planar,69,0.9879561263485951,16.575809716573257,1.1657580971657326,1.0,0.33623668191051154,0.33623668191051154
synthetic_control,SOM_5x5_RECT_planar,5x5,RECT_planar,70,0.9916562303664214,16.929617097784426,1.1692961709778442,0.6402590135102726,0.205270931471263,0.17237688407227073
synthetic_control,SOM_5x5_RECT_planar,5x5,RECT_planar,71,0.987956126348595,16.575809716573257,1.1657580971657326,1.0,0.33623668191051154,0.33623668191051154
synthetic_control,SOM_5x5_RECT_toroid,5x5,RECT_toroid,42,0.9921214463870719,20.368388269662205,1.203683882696622,0.832,0.2522413727356378,0.31849211778603936
synthetic_control,SOM_5x5_RECT_toroid,5x5,RECT_toroid,43,0.9892887050471877,20.073420444561876,1.2007342044456184,0.4166666666666667,0.24171500632761345,0.17793795459239695
synthetic_control,SOM_5x5_RECT_toroid,5x5,RECT_toroid,44,0.9892887050471871,20.07342044456188,1.2007342044456188,0.4166666666666667,0.24171500632761345,0.17793795459239695
synthetic_control,SOM_5x5_RECT_toroid,5x5,RECT_toroid,45,0.9892887050471871,20.073420444561876,1.2007342044456186,0.4166666666666667,0.24171500632761345,0.17793795459239695
synthetic_control,SOM_5x5_RECT_toroid,5x5,RECT_toroid,46,0.9897342627156116,20.236696301872332,1.2023669630187233,0.6119295724038807,0.2053477026379333,0.04606894130873218
synthetic_control,SOM_5x5_RECT_toroid,5x5,RECT_toroid,47,0.9921214463870718,20.368388269662205,1.2036838826966223,0.832,0.2522413727356378,0.31849211778603936
synthetic_control,SOM_5x5_RECT_toroid,5x5,RECT_toroid,48,0.9892887050471874,20.07342044456188,1.2007342044456193,0.4642857142857143,0.24171500632761345,0.1751673377050357
synthetic_control,SOM_5x5_RECT_toroid,5x5,RECT_toroid,49,0.989334835126661,20.12340984538243,1.2012340984538241,0.6077654516640254,0.19411537931321074,0.17809717880018897
synthetic_control,SOM_5x5_RECT_toroid,5x5,RECT_toroid,50,0.9892533059116548,20.121577814511596,1.201215778145116,0.6077654516640254,0.19039989698377036,0.17374914456106771
synthetic_control,SOM_5x5_RECT_toroid,5x5,RECT_toroid,51,0.992121446387072,20.368388269662205,1.203683882696622,0.832,0.2522413727356378,0.31849211778603936
synthetic_control,SOM_5x5_RECT_toroid,5x5,RECT_toroid,52,0.992121446387072,20.368388269662205,1.203683882696622,0.9069767441860465,0.2522413727356378,0.17251249573020994
synthetic_control,SOM_5x5_RECT_toroid,5x5,RECT_toroid,53,0.9892887050471877,20.073420444561876,1.2007342044456186,0.4166666666666667,0.24171500632761345,0.17793795459239695
synthetic_control,SOM_5x5_RECT_toroid,5x5,RECT_toroid,54,0.9893348351266609,20.123409845382437,1.2012340984538246,0.6077654516640254,0.19411537931321074,0.17809717880018897
synthetic_control,SOM_5x5_RECT_toroid,5x5,RECT_toroid,55,0.9902999080672059,20.0924610823779,1.200924610823779,0.9076517150395779,0.30319510773505903,0.3032916056366305
synthetic_control,SOM_5x5_RECT_toroid,5x5,RECT_toroid,56,0.9897342627156113,20.236696301872332,1.2023669630187233,0.6119295724038807,0.2053477026379333,0.04606894130873218
synthetic_control,SOM_5x5_RECT_toroid,5x5,RECT_toroid,57,0.9921214463870717,20.3683882696622,1.2036838826966219,0.832,0.2522413727356378,0.31849211778603936
synthetic_control,SOM_5x5_RECT_toroid,5x5,RECT_toroid,58,0.9892887050471876,20.07342044456188,1.2007342044456188,0.4166666666666667,0.24171500632761345,0.17793795459239695
synthetic_control,SOM_5x5_RECT_toroid,5x5,RECT_toroid,59,0.9892887050471878,20.073420444561883,1.2007342044456184,0.4166666666666667,0.24171500632761345,0.17793795459239695
synthetic_control,SOM_5x5_RECT_toroid,5x5,RECT_toroid,60,0.9892887050471876,20.07342044456188,1.2007342044456188,0.4166666666666667,0.24171500632761345,0.17793795459239695
synthetic_control,SOM_5x5_RECT_toroid,5x5,RECT_toroid,61,0.9897342627156117,20.236696301872325,1.202366963018723,0.4838945827232797,0.2743719885710876,0.04606894130873218
synthetic_control,SOM_5x5_RECT_toroid,5x5,RECT_toroid,62,0.9921214463870716,20.3683882696622,1.2036838826966219,0.832,0.2522413727356378,0.31849211778603936
synthetic_control,SOM_5x5_RECT_toroid,5x5,RECT_toroid,63,0.9921214463870718,20.368388269662205,1.2036838826966223,0.832,0.2522413727356378,0.31849211778603936
synthetic_control,SOM_5x5_RECT_toroid,5x5,RECT_toroid,64,0.9892887050471875,20.073420444561876,1.2007342044456186,0.5428973277074542,0.24171500632761345,0.1744742118177235
synthetic_control,SOM_5x5_RECT_toroid,5x5,RECT_toroid,65,0.9892887050471875,20.073420444561883,1.2007342044456188,0.4166666666666667,0.24171500632761345,0.17793795459239695
synthetic_control,SOM_5x5_RECT_toroid,5x5,RECT_toroid,66,0.9893348351266606,20.12340984538243,1.2012340984538241,0.6077654516640254,0.19411537931321074,0.17809717880018897
synthetic_control,SOM_5x5_RECT_toroid,5x5,RECT_toroid,67,0.9892887050471877,20.073420444561883,1.200734204445619,0.4166666666666667,0.24171500632761345,0.17793795459239695
synthetic_control,SOM_5x5_RECT_toroid,5x5,RECT_toroid,68,0.9892887050471876,20.07342044456188,1.2007342044456188,0.4166666666666667,0.24171500632761345,0.17793795459239695
synthetic_control,SOM_5x5_RECT_toroid,5x5,RECT_toroid,69,0.9897342627156116,20.236696301872332,1.2023669630187233,0.5553145336225597,0.272615146827774,0.04606894130873218
synthetic_control,SOM_5x5_RECT_toroid,5x5,RECT_toroid,70,0.9892887050471876,20.073420444561876,1.2007342044456184,0.4166666666666667,0.24171500632761345,0.17793795459239695
synthetic_control,SOM_5x5_RECT_toroid,5x5,RECT_toroid,71,0.9921214463870716,20.3683882696622,1.203683882696622,0.9069767441860465,0.2522413727356378,0.17251249573020994
synthetic_control,SOM_7x7_RECT_planar,7x7,RECT_planar,42,0.9973104478378693,18.02998483132582,1.180299848313258,0.9632421233121383,0.2593082894237044,0.25584418249052654
synthetic_control,SOM_7x7_RECT_planar,7x7,RECT_planar,43,0.9973104478378694,18.02998483132582,1.1802998483132583,0.9632421233121383,0.2593082894237044,0.25584418249052654
synthetic_control,SOM_7x7_RECT_planar,7x7,RECT_planar,44,0.9973104478378694,18.02998483132582,1.1802998483132583,0.9632421233121383,0.2593082894237044,0.25584418249052654
synthetic_control,SOM_7x7_RECT_planar,7x7,RECT_planar,45,0.9973104478378694,18.02998483132582,1.1802998483132583,0.9632421233121383,0.2593082894237044,0.25584418249052654
synthetic_control,SOM_7x7_RECT_planar,7x7,RECT_planar,46,0.9973104478378693,18.02998483132582,1.180299848313258,0.9632421233121383,0.2593082894237044,0.25584418249052654
synthetic_control,SOM_7x7_RECT_planar,7x7,RECT_planar,47,0.9973104478378694,18.02998483132582,1.1802998483132583,0.9632421233121383,0.2593082894237044,0.25584418249052654
synthetic_control,SOM_7x7_RECT_planar,7x7,RECT_planar,48,0.9973104478378692,18.02998483132582,1.1802998483132583,0.9632421233121383,0.2593082894237044,0.25584418249052654
synthetic_control,SOM_7x7_RECT_planar,7x7,RECT_planar,49,0.9973104478378694,18.02998483132582,1.1802998483132583,0.9632421233121383,0.2593082894237044,0.25584418249052654
synthetic_control,SOM_7x7_RECT_planar,7x7,RECT_planar,50,0.9942266662296677,18.308966823362578,1.183089668233626,0.8360366222056979,0.18704876480364577,0.19544607288568305
synthetic_control,SOM_7x7_RECT_planar,7x7,RECT_planar,51,0.9947778916066673,17.59674640020514,1.1759674640020517,0.6350497012153463,0.26620229287705355,0.24727054416670924
synthetic_control,SOM_7x7_RECT_planar,7x7,RECT_planar,52,0.9973104478378693,18.02998483132582,1.180299848313258,0.9632421233121383,0.2593082894237044,0.25584418249052654
synthetic_control,SOM_7x7_RECT_planar,7x7,RECT_planar,53,0.9973104478378694,18.02998483132582,1.1802998483132583,0.9632421233121383,0.2593082894237044,0.25584418249052654
synthetic_control,SOM_7x7_RECT_planar,7x7,RECT_planar,54,0.9973104478378693,18.02998483132582,1.180299848313258,0.9632421233121383,0.2593082894237044,0.25584418249052654
synthetic_control,SOM_7x7_RECT_planar,7x7,RECT_planar,55,0.9973104478378693,18.02998483132582,1.180299848313258,0.9632421233121383,0.2593082894237044,0.25584418249052654
synthetic_control,SOM_7x7_RECT_planar,7x7,RECT_planar,56,0.9973104478378693,18.02998483132582,1.180299848313258,0.9632421233121383,0.2593082894237044,0.25584418249052654
synthetic_control,SOM_7x7_RECT_planar,7x7,RECT_planar,57,0.9951126101781915,17.565621488101673,1.1756562148810168,0.46048578963870085,0.19922110573315305,0.22774048817182932
synthetic_control,SOM_7x7_RECT_planar,7x7,RECT_planar,58,0.9973104478378693,18.02998483132582,1.180299848313258,0.9632421233121383,0.2593082894237044,0.25584418249052654
synthetic_control,SOM_7x7_RECT_planar,7x7,RECT_planar,59,0.9950955864870152,17.644917254834166,1.1764491725483415,0.7254861059375698,0.17627649131057868,0.1850046860970363
synthetic_control,SOM_7x7_RECT_planar,7x7,RECT_planar,60,0.9973104478378694,18.02998483132582,1.1802998483132583,0.9632421233121383,0.2593082894237044,0.25584418249052654
synthetic_control,SOM_7x7_RECT_planar,7x7,RECT_planar,61,0.9973104478378693,18.02998483132582,1.180299848313258,0.9632421233121383,0.2593082894237044,0.25584418249052654
synthetic_control,SOM_7x7_RECT_planar,7x7,RECT_planar,62,0.9973104478378694,18.02998483132582,1.1802998483132583,0.9632421233121383,0.2593082894237044,0.25584418249052654
synthetic_control,SOM_7x7_RECT_planar,7x7,RECT_planar,63,0.9950955864870152,17.644917254834166,1.1764491725483415,0.7747690675781193,0.19375063994318178,0.1850046860970363
synthetic_control,SOM_7x7_RECT_planar,7x7,RECT_planar,64,0.9973104478378693,18.02998483132582,1.180299848313258,0.9632421233121383,0.2593082894237044,0.25584418249052654
synthetic_control,SOM_7x7_RECT_planar,7x7,RECT_planar,65,0.9942266662296674,18.308966823362578,1.183089668233626,0.5426900402868298,0.18704876480364577,0.16923251154010083
synthetic_control,SOM_7x7_RECT_planar,7x7,RECT_planar,66,0.9973104478378693,18.02998483132582,1.180299848313258,0.9632421233121383,0.2593082894237044,0.25584418249052654
synthetic_control,SOM_7x7_RECT_planar,7x7,RECT_planar,67,0.9973104478378694,18.02998483132582,1.180299848313258,0.9632421233121383,0.2593082894237044,0.25584418249052654
synthetic_control,SOM_7x7_RECT_planar,7x7,RECT_planar,68,0.9973104478378693,18.02998483132582,1.180299848313258,0.9632421233121383,0.2593082894237044,0.25584418249052654
synthetic_control,SOM_7x7_RECT_planar,7x7,RECT_planar,69,0.9973104478378694,18.02998483132582,1.180299848313258,0.9632421233121383,0.2593082894237044,0.25584418249052654
synthetic_control,SOM_7x7_RECT_planar,7x7,RECT_planar,70,0.9973104478378694,18.02998483132582,1.180299848313258,0.9632421233121383,0.2593082894237044,0.25584418249052654
synthetic_control,SOM_7x7_RECT_planar,7x7,RECT_planar,71,0.9973104478378694,18.02998483132582,1.180299848313258,0.9632421233121383,0.2593082894237044,0.25584418249052654
synthetic_control,SOM_7x7_RECT_toroid,7x7,RECT_toroid,42,0.9976446479328523,20.144979432920657,1.2014497943292064,0.8140446862004079,0.18817482754993695,0.16762622643117012
synthetic_control,SOM_7x7_RECT_toroid,7x7,RECT_toroid,43,0.9987467006269145,20.401003034704605,1.204010030347046,0.9392454389797484,0.30906351778285135,0.30906351778285135
synthetic_control,SOM_7x7_RECT_toroid,7x7,RECT_toroid,44,0.9988388735807895,20.486215798106088,1.2048621579810608,0.9816489219410411,0.3551427134980966,0.2648666665536794
synthetic_control,SOM_7x7_RECT_toroid,7x7,RECT_toroid,45,0.9983382799610978,20.263964694346022,1.2026396469434601,0.8986464163789842,0.20095300868875732,0.1930402363488928
synthetic_control,SOM_7x7_RECT_toroid,7x7,RECT_toroid,46,0.9976446479328523,20.14497943292065,1.2014497943292066,0.7785627904016295,0.18817482754993695,0.17708764030916566
synthetic_control,SOM_7x7_RECT_toroid,7x7,RECT_toroid,47,0.9976446479328523,20.14497943292065,1.2014497943292062,0.8140446862004079,0.18817482754993695,0.16762622643117012
synthetic_control,SOM_7x7_RECT_toroid,7x7,RECT_toroid,48,0.9988388735807897,20.486215798106084,1.2048621579810608,0.9816489219410411,0.3551427134980966,0.2648666665536794
synthetic_control,SOM_7x7_RECT_toroid,7x7,RECT_toroid,49,0.9976446479328525,20.144979432920653,1.2014497943292064,0.8140446862004079,0.18817482754993695,0.16762622643117012
synthetic_control,SOM_7x7_RECT_toroid,7x7,RECT_toroid,50,0.9987467006269146,20.401003034704605,1.204010030347046,0.9188441802345356,0.30906351778285135,0.29284337467144317
synthetic_control,SOM_7x7_RECT_toroid,7x7,RECT_toroid,51,0.9991659945992177,20.434434824277638,1.2043443482427763,0.8018422826331162,0.16965791151451418,0.1917862939046498
synthetic_control,SOM_7x7_RECT_toroid,7x7,RECT_toroid,52,0.9988388735807897,20.486215798106088,1.2048621579810606,0.9816489219410411,0.3551427134980966,0.2648666665536794
synthetic_control,SOM_7x7_RECT_toroid,7x7,RECT_toroid,53,0.9976446479328525,20.14497943292065,1.2014497943292064,0.8140446862004079,0.18817482754993695,0.16762622643117012
synthetic_control,SOM_7x7_RECT_toroid,7x7,RECT_toroid,54,0.9976446479328526,20.144979432920657,1.2014497943292066,0.8140446862004079,0.18817482754993695,0.16762622643117012
synthetic_control,SOM_7x7_RECT_toroid,7x7,RECT_toroid,55,0.9976446479328522,20.14497943292065,1.2014497943292066,0.8140446862004079,0.18817482754993695,0.16762622643117012
synthetic_control,SOM_7x7_RECT_toroid,7x7,RECT_toroid,56,0.9976446479328522,20.144979432920657,1.201449794329207,0.8140446862004079,0.18817482754993695,0.16762622643117012
synthetic_control,SOM_7x7_RECT_toroid,7x7,RECT_toroid,57,0.9976446479328522,20.144979432920657,1.2014497943292066,0.8140446862004079,0.18817482754993695,0.16762622643117012
synthetic_control,SOM_7x7_RECT_toroid,7x7,RECT_toroid,58,0.9991659945992177,20.434434824277645,1.2043443482427765,0.8018422826331162,0.16965791151451418,0.1917862939046498
synthetic_control,SOM_7x7_RECT_toroid,7x7,RECT_toroid,59,0.9976446479328523,20.144979432920657,1.2014497943292066,0.8140446862004079,0.18817482754993695,0.16762622643117012
synthetic_control,SOM_7x7_RECT_toroid,7x7,RECT_toroid,60,0.9987467006269147,20.401003034704605,1.2040100303470458,0.9188441802345356,0.30906351778285135,0.29284337467144317
synthetic_control,SOM_7x7_RECT_toroid,7x7,RECT_toroid,61,0.9976446479328525,20.14497943292065,1.2014497943292064,0.8140446862004079,0.18817482754993695,0.16762622643117012
synthetic_control,SOM_7x7_RECT_toroid,7x7,RECT_toroid,62,0.9988388735807898,20.486215798106095,1.204862157981061,0.9816489219410411,0.3551427134980966,0.2648666665536794
synthetic_control,SOM_7x7_RECT_toroid,7x7,RECT_toroid,63,0.9988388735807898,20.486215798106088,1.204862157981061,0.9816489219410411,0.3551427134980966,0.2648666665536794
synthetic_control,SOM_7x7_RECT_toroid,7x7,RECT_toroid,64,0.9976446479328526,20.144979432920657,1.2014497943292064,0.8140446862004079,0.18817482754993695,0.16762622643117012
synthetic_control,SOM_7x7_RECT_toroid,7x7,RECT_toroid,65,0.9988388735807897,20.486215798106084,1.2048621579810608,0.9816489219410411,0.3551427134980966,0.2648666665536794
synthetic_control,SOM_7x7_RECT_toroid,7x7,RECT_toroid,66,0.9983382799610977,20.263964694346022,1.2026396469434601,0.8986464163789842,0.20095300868875732,0.1930402363488928
synthetic_control,SOM_7x7_RECT_toroid,7x7,RECT_toroid,67,0.9983382799610978,20.263964694346022,1.2026396469434604,0.8986464163789842,0.20095300868875732,0.1930402363488928
synthetic_control,SOM_7x7_RECT_toroid,7x7,RECT_toroid,68,0.9983382799610976,20.26396469434602,1.2026396469434601,0.8986464163789842,0.20095300868875732,0.1930402363488928
synthetic_control,SOM_7x7_RECT_toroid,7x7,RECT_toroid,69,0.998746700626915,20.40100303470461,1.2040100303470458,0.9188441802345356,0.30906351778285135,0.29284337467144317
synthetic_control,SOM_7x7_RECT_toroid,7x7,RECT_toroid,70,0.99883887358079,20.486215798106088,1.2048621579810608,0.9816489219410411,0.3551427134980966,0.2648666665536794
synthetic_control,SOM_7x7_RECT_toroid,7x7,RECT_toroid,71,0.9976446479328525,20.14497943292065,1.2014497943292066,0.7785627904016295,0.18817482754993695,0.17708764030916566
synthetic_control,SOM_10x10_RECT_planar,10x10,RECT_planar,42,0.9984434421564783,18.862209335693073,1.188622093356931,0.8468276910987399,0.20925122775614005,0.20666063412974944
synthetic_control,SOM_10x10_RECT_planar,10x10,RECT_planar,43,0.9974499165536337,18.596065338072286,1.1859606533807225,0.7437435833720238,0.1830702339028426,0.2377828460510542
synthetic_control,SOM_10x10_RECT_planar,10x10,RECT_planar,44,0.9972891127371752,18.413718709079575,1.184137187090796,0.7334318211593968,0.18742477473880015,0.2021259256767502
synthetic_control,SOM_10x10_RECT_planar,10x10,RECT_planar,45,0.9974499165536336,18.596065338072286,1.1859606533807228,0.6963913519186878,0.18610089571135918,0.2377828460510542
synthetic_control,SOM_10x10_RECT_planar,10x10,RECT_planar,46,0.9972891127371751,18.413718709079575,1.184137187090796,0.7334318211593968,0.18742477473880015,0.2021259256767502
synthetic_control,SOM_10x10_RECT_planar,10x10,RECT_planar,47,0.9984434421564781,18.862209335693077,1.1886220933569305,0.8468276910987399,0.20925122775614005,0.20666063412974944
synthetic_control,SOM_10x10_RECT_planar,10x10,RECT_planar,48,0.9975156129125036,18.905978943276196,1.1890597894327617,0.5639092989714292,0.18217476888405063,0.2070279372035179
synthetic_control,SOM_10x10_RECT_planar,10x10,RECT_planar,49,0.9984434421564782,18.862209335693084,1.188622093356931,0.8468276910987399,0.20925122775614005,0.20666063412974944
synthetic_control,SOM_10x10_RECT_planar,10x10,RECT_planar,50,0.9975940144044579,18.89238353676783,1.1889238353676785,0.8272774538653309,0.21257370538486087,0.18994846534813656
synthetic_control,SOM_10x10_RECT_planar,10x10,RECT_planar,51,0.9984434421564782,18.862209335693084,1.188622093356931,0.8468276910987399,0.20925122775614005,0.20666063412974944
synthetic_control,SOM_10x10_RECT_planar,10x10,RECT_planar,52,0.9984434421564781,18.862209335693077,1.1886220933569305,0.8468276910987399,0.20925122775614005,0.20666063412974944
synthetic_control,SOM_10x10_RECT_planar,10x10,RECT_planar,53,0.9972891127371751,18.413718709079575,1.184137187090796,0.7334318211593968,0.18742477473880015,0.2021259256767502
synthetic_control,SOM_10x10_RECT_planar,10x10,RECT_planar,54,0.9984434421564783,18.862209335693088,1.1886220933569305,0.8468276910987399,0.20925122775614005,0.20666063412974944
synthetic_control,SOM_10x10_RECT_planar,10x10,RECT_planar,55,0.9974288224715184,18.610258467079838,1.1861025846707982,0.7388414055080722,0.19289627468832207,0.20783899484797694
synthetic_control,SOM_10x10_RECT_planar,10x10,RECT_planar,56,0.9984434421564781,18.862209335693077,1.1886220933569305,0.8892903938669664,0.1940608947454259,0.20666063412974944
synthetic_control,SOM_10x10_RECT_planar,10x10,RECT_planar,57,0.9984434421564778,18.862209335693088,1.1886220933569307,0.8468276910987399,0.20925122775614005,0.20666063412974944
synthetic_control,SOM_10x10_RECT_planar,10x10,RECT_planar,58,0.9984434421564778,18.862209335693088,1.1886220933569307,0.8468276910987399,0.20925122775614005,0.20666063412974944
synthetic_control,SOM_10x10_RECT_planar,10x10,RECT_planar,59,0.9984434421564783,18.862209335693088,1.1886220933569305,0.8468276910987399,0.20925122775614005,0.20666063412974944
synthetic_control,SOM_10x10_RECT_planar,10x10,RECT_planar,60,0.9974499165536335,18.596065338072286,1.1859606533807228,0.6963913519186878,0.18610089571135918,0.2377828460510542
synthetic_control,SOM_10x10_RECT_planar,10x10,RECT_planar,61,0.9984434421564783,18.862209335693073,1.188622093356931,0.8468276910987399,0.20925122775614005,0.20666063412974944
synthetic_control,SOM_10x10_RECT_planar,10x10,RECT_planar,62,0.9972891127371754,18.413718709079564,1.1841371870907957,0.7334318211593968,0.18742477473880015,0.2021259256767502
synthetic_control,SOM_10x10_RECT_planar,10x10,RECT_planar,63,0.9974499165536334,18.596065338072293,1.1859606533807234,0.8118671591028054,0.19376981733859888,0.2377828460510542
synthetic_control,SOM_10x10_RECT_planar,10x10,RECT_planar,64,0.9984434421564781,18.862209335693077,1.1886220933569305,0.8468276910987399,0.20925122775614005,0.20666063412974944
synthetic_control,SOM_10x10_RECT_planar,10x10,RECT_planar,65,0.9984434421564782,18.862209335693084,1.188622093356931,0.8468276910987399,0.20925122775614005,0.20666063412974944
synthetic_control,SOM_10x10_RECT_planar,10x10,RECT_planar,66,0.9984434421564782,18.862209335693084,1.188622093356931,0.8468276910987399,0.20925122775614005,0.20666063412974944
synthetic_control,SOM_10x10_RECT_planar,10x10,RECT_planar,67,0.9984434421564783,18.862209335693088,1.1886220933569305,0.8468276910987399,0.20925122775614005,0.20666063412974944
synthetic_control,SOM_10x10_RECT_planar,10x10,RECT_planar,68,0.9974499165536337,18.596065338072286,1.1859606533807225,0.8273640982716792,0.2088972952977727,0.2377828460510542
synthetic_control,SOM_10x10_RECT_planar,10x10,RECT_planar,69,0.9984434421564783,18.862209335693073,1.188622093356931,0.8468276910987399,0.20925122775614005,0.20666063412974944
synthetic_control,SOM_10x10_RECT_planar,10x10,RECT_planar,70,0.9984434421564781,18.862209335693077,1.1886220933569305,0.8468276910987399,0.20925122775614005,0.20666063412974944
synthetic_control,SOM_10x10_RECT_planar,10x10,RECT_planar,71,0.9984434421564782,18.862209335693077,1.1886220933569303,0.8468276910987399,0.20925122775614005,0.20666063412974944
synthetic_control,SOM_10x10_RECT_toroid,10x10,RECT_toroid,42,0.9992307881375709,20.442446366022267,1.204424463660222,0.8318865766021966,0.1514969645772407,0.16145279554000286
synthetic_control,SOM_10x10_RECT_toroid,10x10,RECT_toroid,43,0.999248858834399,20.44977337162243,1.2044977337162244,0.8606779297781906,0.1323478792052537,0.13527230638832413
synthetic_control,SOM_10x10_RECT_toroid,10x10,RECT_toroid,44,0.9992894330299988,20.466028154107548,1.2046602815410756,0.7432916244088283,0.1489625935323729,0.1301486627662295
synthetic_control,SOM_10x10_RECT_toroid,10x10,RECT_toroid,45,0.999259321887665,20.523167143040077,1.205231671430401,0.9708403486828496,0.15040468868777207,0.15040468868777207
synthetic_control,SOM_10x10_RECT_toroid,10x10,RECT_toroid,46,0.9993116058014638,20.462609714465827,1.2046260971446583,0.8950681201131666,0.1328771372912789,0.12423730707429656
synthetic_control,SOM_10x10_RECT_toroid,10x10,RECT_toroid,47,0.99920500478628,20.37551485953089,1.203755148595309,0.6230339835135844,0.17005406977918333,0.15422134035393814
synthetic_control,SOM_10x10_RECT_toroid,10x10,RECT_toroid,48,0.9993239966856944,20.495351377831042,1.2049535137783105,0.7137832172886501,0.1489226300029576,0.1508033023918181
synthetic_control,SOM_10x10_RECT_toroid,10x10,RECT_toroid,49,0.9991688065506664,20.266997144198072,1.2026699714419806,0.8935818238927861,0.14754444770542138,0.15278532625451627
synthetic_control,SOM_10x10_RECT_toroid,10x10,RECT_toroid,50,0.9989525980804601,20.232143028680998,1.2023214302868097,0.5924030830719732,0.16263998490693696,0.19170634612719178
synthetic_control,SOM_10x10_RECT_toroid,10x10,RECT_toroid,51,0.9993033192166512,20.464374591383937,1.2046437459138393,0.7257091589834322,0.15467501462402605,0.1397370321492809
synthetic_control,SOM_10x10_RECT_toroid,10x10,RECT_toroid,52,0.9991547788267565,20.41210839290703,1.2041210839290706,0.8601401945127141,0.16963092707808575,0.160465106804753
synthetic_control,SOM_10x10_RECT_toroid,10x10,RECT_toroid,53,0.9992593218876651,20.52316714304008,1.205231671430401,0.9708403486828496,0.15040468868777207,0.15040468868777207
synthetic_control,SOM_10x10_RECT_toroid,10x10,RECT_toroid,54,0.999284072574649,20.46536845243533,1.2046536845243534,0.9230706857756786,0.12294335288423419,0.1252891845377186
synthetic_control,SOM_10x10_RECT_toroid,10x10,RECT_toroid,55,0.9992830046287738,20.42573171252708,1.2042573171252708,0.5568398989900384,0.17110346783494218,0.1570922490927545
synthetic_control,SOM_10x10_RECT_toroid,10x10,RECT_toroid,56,0.9989548830144623,20.27995041451673,1.2027995041451678,0.4967115881871509,0.16556606272570082,0.20107757148248265
synthetic_control,SOM_10x10_RECT_toroid,10x10,RECT_toroid,57,0.9990117716627218,20.301118932501083,1.2030111893250108,0.7371660482251629,0.19059959951824013,0.17574135962789247
synthetic_control,SOM_10x10_RECT_toroid,10x10,RECT_toroid,58,0.9991584554411378,20.355940068107035,1.2035594006810706,0.8065891478001957,0.17708996844811214,0.1843240960503164
synthetic_control,SOM_10x10_RECT_toroid,10x10,RECT_toroid,59,0.9992277923502909,20.38908915065227,1.2038908915065225,0.8577476261542212,0.19097336577020332,0.21816242540433187
synthetic_control,SOM_10x10_RECT_toroid,10x10,RECT_toroid,60,0.9991584554411379,20.35594006810703,1.20355940068107,0.843421251238704,0.18629645262082123,0.1843240960503164
synthetic_control,SOM_10x10_RECT_toroid,10x10,RECT_toroid,61,0.9992277923502912,20.389089150652275,1.2038908915065225,0.8577476261542212,0.19097336577020332,0.21816242540433187
synthetic_control,SOM_10x10_RECT_toroid,10x10,RECT_toroid,62,0.9992629544856066,20.450484355323443,1.2045048435532344,0.8285664394176411,0.14806604918840485,0.14373258477111178
synthetic_control,SOM_10x10_RECT_toroid,10x10,RECT_toroid,63,0.9991757581984244,20.346445915179277,1.203464459151793,0.7141191529938825,0.18494155243587537,0.16169540292260307
synthetic_control,SOM_10x10_RECT_toroid,10x10,RECT_toroid,64,0.9993107366366022,20.47921739882089,1.2047921739882088,0.958923994653681,0.13093897400211532,0.13093897400211532
synthetic_control,SOM_10x10_RECT_toroid,10x10,RECT_toroid,65,0.998940149652842,20.258147588621004,1.2025814758862101,0.8348656008196058,0.17236158934659532,0.18025670987195333
synthetic_control,SOM_10x10_RECT_toroid,10x10,RECT_toroid,66,0.9991611292629871,20.335178958084683,1.2033517895808465,0.9007262783868902,0.15324521891253276,0.1626329104371219
synthetic_control,SOM_10x10_RECT_toroid,10x10,RECT_toroid,67,0.9989680672934759,20.300107846228386,1.2030010784622838,0.8429445577600594,0.14214068296527557,0.15059247717921867
synthetic_control,SOM_10x10_RECT_toroid,10x10,RECT_toroid,68,0.9992801654988775,20.474590000372782,1.2047459000037277,0.9330980810391729,0.153124516347204,0.15370143053741514
synthetic_control,SOM_10x10_RECT_toroid,10x10,RECT_toroid,69,0.9992277923502911,20.389089150652275,1.203890891506523,0.8577476261542212,0.19097336577020332,0.21816242540433187
synthetic_control,SOM_10x10_RECT_toroid,10x10,RECT_toroid,70,0.99901757598615,20.313598809484144,1.2031359880948411,0.5563887493074614,0.18810693827008998,0.1994854432245558
synthetic_control,SOM_10x10_RECT_toroid,10x10,RECT_toroid,71,0.9993257022463331,20.548398469725065,1.2054839846972505,0.9285871461234791,0.22005289900252253,0.21877716020053362
synthetic_control,SOM_12x12_RECT_planar,12x12,RECT_planar,42,0.9987306533476141,19.207380935844085,1.1920738093584409,0.8188280409671234,0.19659174279666702,0.19950222063101591
synthetic_control,SOM_12x12_RECT_planar,12x12,RECT_planar,43,0.9987306533476142,19.207380935844085,1.1920738093584409,0.8188280409671234,0.19659174279666702,0.19950222063101591
synthetic_control,SOM_12x12_RECT_planar,12x12,RECT_planar,44,0.9987306533476143,19.207380935844085,1.1920738093584409,0.7435858110974785,0.19198355258624325,0.19950222063101591
synthetic_control,SOM_12x12_RECT_planar,12x12,RECT_planar,45,0.9987306533476143,19.207380935844085,1.1920738093584409,0.8188280409671234,0.19659174279666702,0.19950222063101591
synthetic_control,SOM_12x12_RECT_planar,12x12,RECT_planar,46,0.9978441776839224,19.386064464656393,1.193860644646564,0.8864470584930192,0.14450091727635198,0.16232302972664317
synthetic_control,SOM_12x12_RECT_planar,12x12,RECT_planar,47,0.9979706479654546,18.834287733095195,1.188342877330952,0.8354949477117468,0.14300575238936392,0.15116930750834123
synthetic_control,SOM_12x12_RECT_planar,12x12,RECT_planar,48,0.9978441776839228,19.386064464656393,1.1938606446465638,0.8864470584930192,0.14450091727635198,0.16232302972664317
synthetic_control,SOM_12x12_RECT_planar,12x12,RECT_planar,49,0.9979573529388577,18.75637536803149,1.1875637536803147,0.8449858475812672,0.16084887038793064,0.17205995191627488
synthetic_control,SOM_12x12_RECT_planar,12x12,RECT_planar,50,0.9979573529388577,18.75637536803149,1.1875637536803147,0.859276687340069,0.16084887038793064,0.16498395071042854
synthetic_control,SOM_12x12_RECT_planar,12x12,RECT_planar,51,0.9987306533476146,19.207380935844085,1.1920738093584407,0.7612413156369587,0.20286207802254566,0.19950222063101591
synthetic_control,SOM_12x12_RECT_planar,12x12,RECT_planar,52,0.9987306533476143,19.207380935844085,1.1920738093584409,0.8188280409671234,0.19659174279666702,0.19950222063101591
synthetic_control,SOM_12x12_RECT_planar,12x12,RECT_planar,53,0.9979706479654549,18.834287733095195,1.188342877330952,0.8289968882339164,0.13101418247288393,0.15116930750834123
synthetic_control,SOM_12x12_RECT_planar,12x12,RECT_planar,54,0.9979706479654549,18.834287733095195,1.188342877330952,0.8358619766624817,0.13101418247288393,0.15116930750834123
synthetic_control,SOM_12x12_RECT_planar,12x12,RECT_planar,55,0.9987306533476142,19.207380935844085,1.1920738093584409,0.7435858110974785,0.19198355258624325,0.19950222063101591
synthetic_control,SOM_12x12_RECT_planar,12x12,RECT_planar,56,0.9987306533476142,19.207380935844085,1.1920738093584409,0.8187899925223615,0.18940130296242622,0.19950222063101591
synthetic_control,SOM_12x12_RECT_planar,12x12,RECT_planar,57,0.9979573529388577,18.756375368031495,1.1875637536803147,0.859276687340069,0.16084887038793064,0.16498395071042854
synthetic_control,SOM_12x12_RECT_planar,12x12,RECT_planar,58,0.9979573529388577,18.75637536803149,1.1875637536803147,0.859276687340069,0.16084887038793064,0.16498395071042854
synthetic_control,SOM_12x12_RECT_planar,12x12,RECT_planar,59,0.9987306533476143,19.20738093584409,1.192073809358441,0.8188280409671234,0.19659174279666702,0.19950222063101591
synthetic_control,SOM_12x12_RECT_planar,12x12,RECT_planar,60,0.9987306533476142,19.207380935844085,1.1920738093584409,0.7986399627917032,0.186932554787314,0.19950222063101591
synthetic_control,SOM_12x12_RECT_planar,12x12,RECT_planar,61,0.9987306533476143,19.207380935844085,1.1920738093584409,0.8188280409671234,0.19659174279666702,0.19950222063101591
synthetic_control,SOM_12x12_RECT_planar,12x12,RECT_planar,62,0.9987306533476142,19.207380935844085,1.1920738093584409,0.7612413156369587,0.20286207802254566,0.19950222063101591
synthetic_control,SOM_12x12_RECT_planar,12x12,RECT_planar,63,0.9979573529388577,18.75637536803149,1.1875637536803147,0.8449858475812672,0.16084887038793064,0.17205995191627488
synthetic_control,SOM_12x12_RECT_planar,12x12,RECT_planar,64,0.9987306533476142,19.207380935844085,1.1920738093584409,0.8289292274537919,0.19006227760271385,0.19950222063101591
synthetic_control,SOM_12x12_RECT_planar,12x12,RECT_planar,65,0.9987306533476142,19.207380935844085,1.1920738093584409,0.8188280409671234,0.19659174279666702,0.19950222063101591
synthetic_control,SOM_12x12_RECT_planar,12x12,RECT_planar,66,0.9987306533476143,19.207380935844085,1.1920738093584409,0.8188280409671234,0.19659174279666702,0.19950222063101591
synthetic_control,SOM_12x12_RECT_planar,12x12,RECT_planar,67,0.9987306533476143,19.207380935844085,1.1920738093584409,0.7435858110974785,0.19198355258624325,0.19950222063101591
synthetic_control,SOM_12x12_RECT_planar,12x12,RECT_planar,68,0.9987306533476142,19.207380935844085,1.1920738093584409,0.8289292274537919,0.19006227760271385,0.19950222063101591
synthetic_control,SOM_12x12_RECT_planar,12x12,RECT_planar,69,0.9987306533476143,19.207380935844085,1.1920738093584409,0.8187899925223615,0.18940130296242622,0.19950222063101591
synthetic_control,SOM_12x12_RECT_planar,12x12,RECT_planar,70,0.9979573529388579,18.756375368031495,1.187563753680315,0.8449858475812672,0.16084887038793064,0.17205995191627488
synthetic_control,SOM_12x12_RECT_planar,12x12,RECT_planar,71,0.9987306533476142,19.207380935844085,1.1920738093584409,0.7435858110974785,0.19198355258624325,0.19950222063101591
synthetic_control,SOM_12x12_RECT_toroid,12x12,RECT_toroid,42,0.9992933492365503,20.250912529066397,1.2025091252906641,0.9301566516786859,0.11021293744308062,0.11060842142195618
synthetic_control,SOM_12x12_RECT_toroid,12x12,RECT_toroid,43,0.9993954959162688,20.333649454549622,1.203336494545496,0.9354819204256863,0.13664249903352277,0.14208298017808899
synthetic_control,SOM_12x12_RECT_toroid,12x12,RECT_toroid,44,0.99944085445889,20.375691414796506,1.203756914147965,0.9281652561909345,0.14094368025042395,0.16286058086753838
synthetic_control,SOM_12x12_RECT_toroid,12x12,RECT_toroid,45,0.9993571995779728,20.433679063648444,1.2043367906364846,0.7884981476916562,0.11623641043944216,0.13269495685876917
synthetic_control,SOM_12x12_RECT_toroid,12x12,RECT_toroid,46,0.9994050204746024,20.366784082659027,1.2036678408265902,0.9200592307214508,0.13519722043121485,0.13589229980212467
synthetic_control,SOM_12x12_RECT_toroid,12x12,RECT_toroid,47,0.9991416836903403,20.14178224959066,1.2014178224959065,0.7990112321713937,0.16575892071615628,0.18908281315114303
synthetic_control,SOM_12x12_RECT_toroid,12x12,RECT_toroid,48,0.9991483111771233,20.131695357816344,1.2013169535781634,0.9645130097841368,0.16149773887619379,0.1599009236554471
synthetic_control,SOM_12x12_RECT_toroid,12x12,RECT_toroid,49,0.9993099173189152,20.38844958427621,1.2038844958427624,0.9406536664379742,0.14074215536871895,0.1389852688824038
synthetic_control,SOM_12x12_RECT_toroid,12x12,RECT_toroid,50,0.9993304521777424,20.257558930401064,1.2025755893040104,0.8451164921360776,0.12313152453173608,0.1213594416877596
synthetic_control,SOM_12x12_RECT_toroid,12x12,RECT_toroid,51,0.9993634490006338,20.306751604349333,1.2030675160434934,0.8589829524886325,0.14058571562982444,0.14918667630769186
synthetic_control,SOM_12x12_RECT_toroid,12x12,RECT_toroid,52,0.9994442077031126,20.484926685381115,1.204849266853811,0.7768165804444368,0.13612628721525524,0.13658437187370628
synthetic_control,SOM_12x12_RECT_toroid,12x12,RECT_toroid,53,0.9991900594999523,20.162874724044354,1.2016287472404434,0.8594786044582082,0.14257041693027564,0.16575421675076576
synthetic_control,SOM_12x12_RECT_toroid,12x12,RECT_toroid,54,0.999465607764718,20.437070910350037,1.2043707091035003,0.7949879662208948,0.13846416119699542,0.14856380207627257
synthetic_control,SOM_12x12_RECT_toroid,12x12,RECT_toroid,55,0.9994594908250404,20.440046994191103,1.204400469941911,0.9618693690176913,0.15420294742705976,0.16413825573973803
synthetic_control,SOM_12x12_RECT_toroid,12x12,RECT_toroid,56,0.9993596274060143,20.4625550286009,1.2046255502860088,0.9178405753926033,0.11494428537063957,0.11368781844898314
synthetic_control,SOM_12x12_RECT_toroid,12x12,RECT_toroid,57,0.9994967858808741,20.604642245102436,1.2060464224510241,0.9683670208928148,0.13443912349742765,0.13380569610872092
synthetic_control,SOM_12x12_RECT_toroid,12x12,RECT_toroid,58,0.9992933492365502,20.250912529066394,1.202509125290664,0.9496723869382186,0.10982752885484155,0.11060842142195618
synthetic_control,SOM_12x12_RECT_toroid,12x12,RECT_toroid,59,0.9994656077647179,20.43707091035004,1.2043707091035005,0.9227683262723582,0.14817028646469765,0.1483657495131038
synthetic_control,SOM_12x12_RECT_toroid,12x12,RECT_toroid,60,0.9994865925377017,20.439809373306286,1.2043980937330627,0.8775277788272424,0.11945914766383807,0.13448908829718276
synthetic_control,SOM_12x12_RECT_toroid,12x12,RECT_toroid,61,0.9993154049464332,20.300005155568243,1.2030000515556825,0.9437982516227396,0.1480926921934334,0.13418912129614857
synthetic_control,SOM_12x12_RECT_toroid,12x12,RECT_toroid,62,0.9993596274060141,20.462555028600903,1.2046255502860093,0.9178405753926033,0.11494428537063957,0.11368781844898314
synthetic_control,SOM_12x12_RECT_toroid,12x12,RECT_toroid,63,0.9994671512443118,20.39462459672104,1.2039462459672106,0.9185507203806782,0.13048985141434738,0.13841256133724036
synthetic_control,SOM_12x12_RECT_toroid,12x12,RECT_toroid,64,0.9994275664132537,20.332751606062565,1.2033275160606258,0.6898280413568996,0.12901268720064232,0.11376138403032772
synthetic_control,SOM_12x12_RECT_toroid,12x12,RECT_toroid,65,0.9994140248142082,20.466652370169957,1.2046665237016996,0.9646655137375907,0.11211668067076455,0.11855715925228569
synthetic_control,SOM_12x12_RECT_toroid,12x12,RECT_toroid,66,0.9994671512443117,20.39462459672104,1.2039462459672106,0.9179150206962364,0.1337254109920613,0.13841256133724036
synthetic_control,SOM_12x12_RECT_toroid,12x12,RECT_toroid,67,0.9991784535962377,20.146622590879193,1.2014662259087918,0.9175263595470657,0.15436861060492285,0.1500897473869326
synthetic_control,SOM_12x12_RECT_toroid,12x12,RECT_toroid,68,0.9994160852437692,20.507480124186053,1.2050748012418604,0.9371361629413488,0.12941487325317755,0.13669973311727468
synthetic_control,SOM_12x12_RECT_toroid,12x12,RECT_toroid,69,0.9994260653685967,20.482711714005557,1.2048271171400553,0.8437496943757242,0.10875350783459706,0.11834916425481032
synthetic_control,SOM_12x12_RECT_toroid,12x12,RECT_toroid,70,0.9993492135703275,20.451721718079217,1.204517217180792,0.7353835160866146,0.1174254632958593,0.14531242966929775
synthetic_control,SOM_12x12_RECT_toroid,12x12,RECT_toroid,71,0.9994967858808739,20.604642245102436,1.2060464224510243,0.9683670208928148,0.13443912349742765,0.13380569610872092
synthetic_control,SOM_15x15_RECT_planar,15x15,RECT_planar,42,0.9983477193748103,19.203166366183716,1.192031663661837,0.8612087675284222,0.14860039739571876,0.16095809524367188
synthetic_control,SOM_15x15_RECT_planar,15x15,RECT_planar,43,0.9989359455338166,19.508629976870473,1.1950862997687048,0.777249910580497,0.17522819886024424,0.17654640591486354
synthetic_control,SOM_15x15_RECT_planar,15x15,RECT_planar,44,0.9989359455338167,19.508629976870477,1.195086299768705,0.7860669398721298,0.17522819886024424,0.1787865263843369
synthetic_control,SOM_15x15_RECT_planar,15x15,RECT_planar,45,0.9989359455338167,19.508629976870477,1.195086299768705,0.777249910580497,0.17522819886024424,0.17654640591486354
synthetic_control,SOM_15x15_RECT_planar,15x15,RECT_planar,46,0.9989359455338169,19.50862997687047,1.1950862997687044,0.777249910580497,0.17522819886024424,0.17654640591486354
synthetic_control,SOM_15x15_RECT_planar,15x15,RECT_planar,47,0.9989359455338167,19.508629976870477,1.195086299768705,0.7860669398721298,0.17522819886024424,0.1787865263843369
synthetic_control,SOM_15x15_RECT_planar,15x15,RECT_planar,48,0.9983477193748103,19.20316636618372,1.1920316636618373,0.8656262520572554,0.13305267819933492,0.16095809524367188
synthetic_control,SOM_15x15_RECT_planar,15x15,RECT_planar,49,0.9989359455338169,19.50862997687047,1.1950862997687044,0.7966275496323392,0.17522819886024424,0.1682430676948112
synthetic_control,SOM_15x15_RECT_planar,15x15,RECT_planar,50,0.9984928976331089,19.31819162920889,1.1931819162920887,0.779296331058782,0.1807471991327349,0.17591018855829765
synthetic_control,SOM_15x15_RECT_planar,15x15,RECT_planar,51,0.9983477193748106,19.20316636618372,1.192031663661837,0.8740563106408121,0.14537104497930783,0.16095809524367188
synthetic_control,SOM_15x15_RECT_planar,15x15,RECT_planar,52,0.9989359455338169,19.50862997687047,1.1950862997687044,0.777249910580497,0.17522819886024424,0.17654640591486354
synthetic_control,SOM_15x15_RECT_planar,15x15,RECT_planar,53,0.9989359455338165,19.508629976870473,1.1950862997687048,0.7966275496323392,0.17522819886024424,0.1682430676948112
synthetic_control,SOM_15x15_RECT_planar,15x15,RECT_planar,54,0.9989359455338166,19.508629976870473,1.1950862997687046,0.7425516316561509,0.179217730834977,0.17046991019575036
synthetic_control,SOM_15x15_RECT_planar,15x15,RECT_planar,55,0.9989359455338165,19.508629976870473,1.1950862997687048,0.777249910580497,0.17522819886024424,0.17654640591486354
synthetic_control,SOM_15x15_RECT_planar,15x15,RECT_planar,56,0.99834771937481,19.203166366183716,1.192031663661837,0.8612087675284222,0.14860039739571876,0.16095809524367188
synthetic_control,SOM_15x15_RECT_planar,15x15,RECT_planar,57,0.9983380199673421,19.69215885862243,1.1969215885862245,0.6854831551220816,0.1387173333555121,0.16493711870633707
synthetic_control,SOM_15x15_RECT_planar,15x15,RECT_planar,58,0.9989359455338169,19.50862997687047,1.1950862997687044,0.7860669398721298,0.17522819886024424,0.1787865263843369
synthetic_control,SOM_15x15_RECT_planar,15x15,RECT_planar,59,0.9983477193748103,19.203166366183716,1.192031663661837,0.8612087675284222,0.14860039739571876,0.16095809524367188
synthetic_control,SOM_15x15_RECT_planar,15x15,RECT_planar,60,0.9989359455338167,19.508629976870477,1.195086299768705,0.7966275496323392,0.17522819886024424,0.1682430676948112
synthetic_control,SOM_15x15_RECT_planar,15x15,RECT_planar,61,0.9989359455338168,19.50862997687047,1.1950862997687046,0.7966275496323392,0.17522819886024424,0.1682430676948112
synthetic_control,SOM_15x15_RECT_planar,15x15,RECT_planar,62,0.9989359455338168,19.50862997687047,1.1950862997687046,0.777249910580497,0.17522819886024424,0.17654640591486354
synthetic_control,SOM_15x15_RECT_planar,15x15,RECT_planar,63,0.9989359455338168,19.50862997687047,1.1950862997687046,0.777249910580497,0.17522819886024424,0.17654640591486354
synthetic_control,SOM_15x15_RECT_planar,15x15,RECT_planar,64,0.9989359455338168,19.50862997687047,1.1950862997687046,0.777249910580497,0.17522819886024424,0.17654640591486354
synthetic_control,SOM_15x15_RECT_planar,15x15,RECT_planar,65,0.9989359455338166,19.508629976870466,1.1950862997687048,0.777249910580497,0.17522819886024424,0.17654640591486354
synthetic_control,SOM_15x15_RECT_planar,15x15,RECT_planar,66,0.99834771937481,19.203166366183716,1.192031663661837,0.8656262520572554,0.13305267819933492,0.16095809524367188
synthetic_control,SOM_15x15_RECT_planar,15x15,RECT_planar,67,0.9984928976331089,19.31819162920889,1.193181916292089,0.779296331058782,0.1807471991327349,0.17591018855829765
synthetic_control,SOM_15x15_RECT_planar,15x15,RECT_planar,68,0.9983864655592402,19.15989836621203,1.1915989836621201,0.8963349912836435,0.16075898384157195,0.20294063687928063
synthetic_control,SOM_15x15_RECT_planar,15x15,RECT_planar,69,0.9983864655592402,19.159898366212033,1.1915989836621204,0.8963349912836435,0.16075898384157195,0.20294063687928063
synthetic_control,SOM_15x15_RECT_planar,15x15,RECT_planar,70,0.9989359455338167,19.508629976870477,1.195086299768705,0.777249910580497,0.17522819886024424,0.17654640591486354
synthetic_control,SOM_15x15_RECT_planar,15x15,RECT_planar,71,0.9989359455338168,19.50862997687047,1.1950862997687046,0.7860669398721298,0.17522819886024424,0.1787865263843369
synthetic_control,SOM_15x15_RECT_toroid,15x15,RECT_toroid,42,0.9993316856755841,20.33286635641412,1.2033286635641411,0.7888942109671097,0.12631109909335791,0.14780213456327357
synthetic_control,SOM_15x15_RECT_toroid,15x15,RECT_toroid,43,0.9993490935508682,20.217135162871685,1.202171351628717,0.808769357351706,0.11851532064860552,0.13331015587658654
synthetic_control,SOM_15x15_RECT_toroid,15x15,RECT_toroid,44,0.999349093550868,20.21713516287169,1.202171351628717,0.8051705743258839,0.11828721638780187,0.13126700397415922
synthetic_control,SOM_15x15_RECT_toroid,15x15,RECT_toroid,45,0.9993316856755841,20.332866356414115,1.2033286635641411,0.8636596945977159,0.13922631105921174,0.1442179755926806
synthetic_control,SOM_15x15_RECT_toroid,15x15,RECT_toroid,46,0.9993490935508681,20.21713516287169,1.202171351628717,0.7813462626070291,0.11851532064860552,0.1380118746555151
synthetic_control,SOM_15x15_RECT_toroid,15x15,RECT_toroid,47,0.9993495440269727,20.337009941155525,1.2033700994115553,0.9251037895474277,0.14218996702851164,0.14407235622873923
synthetic_control,SOM_15x15_RECT_toroid,15x15,RECT_toroid,48,0.9993864560949322,20.43076401653084,1.2043076401653086,0.500621308533921,0.09492604602073382,0.122512690633516
synthetic_control,SOM_15x15_RECT_toroid,15x15,RECT_toroid,49,0.9993376632551462,20.283702580120693,1.202837025801207,0.9157489780080774,0.1417299806330802,0.14283633180821995
synthetic_control,SOM_15x15_RECT_toroid,15x15,RECT_toroid,50,0.9993316856755838,20.33286635641412,1.2033286635641411,0.7691365329485078,0.1398929021979868,0.1397347590965071
synthetic_control,SOM_15x15_RECT_toroid,15x15,RECT_toroid,51,0.9993981398821468,20.285683144589218,1.202856831445892,0.917788045735325,0.11374054946403404,0.12871183229742145
synthetic_control,SOM_15x15_RECT_toroid,15x15,RECT_toroid,52,0.9993316856755842,20.332866356414115,1.203328663564141,0.8496910187800106,0.1398929021979868,0.14780213456327357
synthetic_control,SOM_15x15_RECT_toroid,15x15,RECT_toroid,53,0.9993864560949323,20.43076401653084,1.2043076401653086,0.5098956105843047,0.09434157246615371,0.122512690633516
synthetic_control,SOM_15x15_RECT_toroid,15x15,RECT_toroid,54,0.9993981398821465,20.285683144589218,1.202856831445892,0.9295517438208503,0.11316491008355765,0.12871183229742145
synthetic_control,SOM_15x15_RECT_toroid,15x15,RECT_toroid,55,0.9993490935508683,20.217135162871685,1.202171351628717,0.808769357351706,0.11851532064860552,0.13331015587658654
synthetic_control,SOM_15x15_RECT_toroid,15x15,RECT_toroid,56,0.9993490935508681,20.217135162871685,1.2021713516287171,0.7311113891040817,0.11851532064860552,0.14983282061430928
synthetic_control,SOM_15x15_RECT_toroid,15x15,RECT_toroid,57,0.9993981398821467,20.285683144589214,1.202856831445892,0.917788045735325,0.11374054946403404,0.12871183229742145
synthetic_control,SOM_15x15_RECT_toroid,15x15,RECT_toroid,58,0.9993089383753601,20.28077881210892,1.2028077881210892,0.7366655784742238,0.12172661077592847,0.12208017006058194
synthetic_control,SOM_15x15_RECT_toroid,15x15,RECT_toroid,59,0.9993981398821467,20.285683144589218,1.202856831445892,0.960136669214967,0.11316491008355765,0.12348261997020367
synthetic_control,SOM_15x15_RECT_toroid,15x15,RECT_toroid,60,0.9993355453350407,20.259863402931845,1.2025986340293184,0.7473720895250833,0.14602180770472095,0.1646417313145383
synthetic_control,SOM_15x15_RECT_toroid,15x15,RECT_toroid,61,0.9994622464540242,20.341933720750934,1.203419337207509,0.708827047492925,0.09940270500675578,0.1049898501679983
synthetic_control,SOM_15x15_RECT_toroid,15x15,RECT_toroid,62,0.999331685675584,20.33286635641412,1.2033286635641411,0.8496910187800106,0.1398929021979868,0.14780213456327357
synthetic_control,SOM_15x15_RECT_toroid,15x15,RECT_toroid,63,0.9993864560949324,20.43076401653084,1.2043076401653086,0.5098956105843047,0.09434157246615371,0.122512690633516
synthetic_control,SOM_15x15_RECT_toroid,15x15,RECT_toroid,64,0.9993490935508681,20.21713516287169,1.202171351628717,0.7714562974064159,0.11828721638780187,0.1380118746555151
synthetic_control,SOM_15x15_RECT_toroid,15x15,RECT_toroid,65,0.9993249949049798,20.34785780651459,1.2034785780651458,0.8808462064236905,0.14784372227517728,0.1518705945682793
synthetic_control,SOM_15x15_RECT_toroid,15x15,RECT_toroid,66,0.9993981398821467,20.28568314458921,1.202856831445892,0.917788045735325,0.11374054946403404,0.12871183229742145
synthetic_control,SOM_15x15_RECT_toroid,15x15,RECT_toroid,67,0.9993089383753598,20.280778812108917,1.2028077881210892,0.7366655784742238,0.12172661077592847,0.12208017006058194
synthetic_control,SOM_15x15_RECT_toroid,15x15,RECT_toroid,68,0.9993490935508682,20.217135162871685,1.202171351628717,0.7714562974064159,0.11828721638780187,0.1380118746555151
synthetic_control,SOM_15x15_RECT_toroid,15x15,RECT_toroid,69,0.9993212707410526,20.28344837174166,1.2028344837174167,0.9334031202950794,0.1593948111199067,0.15347231671604625
synthetic_control,SOM_15x15_RECT_toroid,15x15,RECT_toroid,70,0.9993490935508681,20.217135162871685,1.202171351628717,0.7813462626070291,0.11851532064860552,0.1380118746555151
synthetic_control,SOM_15x15_RECT_toroid,15x15,RECT_toroid,71,0.999331685675584,20.33286635641412,1.2033286635641414,0.8580205430498183,0.1398929021979868,0.14708810434248787
synthetic_control,SOM_20x20_RECT_planar,20x20,RECT_planar,42,0.9990698285189481,19.70324935579223,1.1970324935579222,0.7633230319511726,0.13839988660408534,0.14937404700360873
synthetic_control,SOM_20x20_RECT_planar,20x20,RECT_planar,43,0.999069828518948,19.703249355792238,1.1970324935579222,0.8025230245297283,0.14236503316146007,0.14937404700360873
synthetic_control,SOM_20x20_RECT_planar,20x20,RECT_planar,44,0.9990698285189481,19.70324935579223,1.1970324935579222,0.7989553640975403,0.14007368717670943,0.14937404700360873
synthetic_control,SOM_20x20_RECT_planar,20x20,RECT_planar,45,0.9990698285189481,19.70324935579223,1.1970324935579222,0.8025230245297283,0.14236503316146007,0.14937404700360873
synthetic_control,SOM_20x20_RECT_planar,20x20,RECT_planar,46,0.9984926099996059,19.85753861332809,1.1985753861332806,0.9256922055907323,0.1669856028870222,0.17353278321413892
synthetic_control,SOM_20x20_RECT_planar,20x20,RECT_planar,47,0.9990698285189481,19.70324935579223,1.1970324935579222,0.7998199950435708,0.1422095167351938,0.14937404700360873
synthetic_control,SOM_20x20_RECT_planar,20x20,RECT_planar,48,0.9990698285189481,19.70324935579223,1.1970324935579222,0.7820623952313775,0.14008957563612418,0.14937404700360873
synthetic_control,SOM_20x20_RECT_planar,20x20,RECT_planar,49,0.9990698285189481,19.70324935579223,1.1970324935579222,0.7659036704289709,0.13839988660408534,0.15245555963555055
synthetic_control,SOM_20x20_RECT_planar,20x20,RECT_planar,50,0.9985865086330966,19.52934456837782,1.195293445683778,0.7479805786037195,0.15198765152169913,0.14970385277815623
synthetic_control,SOM_20x20_RECT_planar,20x20,RECT_planar,51,0.9990698285189481,19.70324935579223,1.1970324935579222,0.7789345389266137,0.13839988660408534,0.15245555963555055
synthetic_control,SOM_20x20_RECT_planar,20x20,RECT_planar,52,0.9990698285189481,19.70324935579223,1.1970324935579222,0.8117303014757972,0.14236503316146007,0.15245555963555055
synthetic_control,SOM_20x20_RECT_planar,20x20,RECT_planar,53,0.9990698285189481,19.70324935579223,1.1970324935579222,0.8117303014757972,0.14236503316146007,0.15245555963555055
synthetic_control,SOM_20x20_RECT_planar,20x20,RECT_planar,54,0.9984926099996061,19.85753861332809,1.1985753861332809,0.9256922055907323,0.1669856028870222,0.17353278321413892
synthetic_control,SOM_20x20_RECT_planar,20x20,RECT_planar,55,0.9990698285189481,19.70324935579223,1.1970324935579222,0.7859449066006585,0.14222966659223518,0.149318925779766
synthetic_control,SOM_20x20_RECT_planar,20x20,RECT_planar,56,0.9990698285189481,19.70324935579223,1.1970324935579222,0.8681254391337555,0.13364735231522265,0.14937404700360873
synthetic_control,SOM_20x20_RECT_planar,20x20,RECT_planar,57,0.9990698285189481,19.70324935579223,1.1970324935579222,0.7993074258761678,0.14248827583126703,0.14937404700360873
synthetic_control,SOM_20x20_RECT_planar,20x20,RECT_planar,58,0.9986319299333333,19.458869986486718,1.1945886998648672,0.9047921872996009,0.11117952375780153,0.11887614010470074
synthetic_control,SOM_20x20_RECT_planar,20x20,RECT_planar,59,0.9990698285189481,19.70324935579223,1.1970324935579222,0.7862268344939329,0.142197082870788,0.14937404700360873
synthetic_control,SOM_20x20_RECT_planar,20x20,RECT_planar,60,0.999069828518948,19.703249355792238,1.1970324935579222,0.7669966870139464,0.13839988660408534,0.14937404700360873
synthetic_control,SOM_20x20_RECT_planar,20x20,RECT_planar,61,0.9990698285189481,19.70324935579223,1.1970324935579222,0.7554116270883764,0.1385568513626681,0.14937404700360873
synthetic_control,SOM_20x20_RECT_planar,20x20,RECT_planar,62,0.9990698285189481,19.70324935579223,1.1970324935579222,0.7669966870139464,0.13839988660408534,0.14937404700360873
synthetic_control,SOM_20x20_RECT_planar,20x20,RECT_planar,63,0.9986319299333332,19.458869986486725,1.1945886998648672,0.9046238239730262,0.11117952375780153,0.1311582615525559
synthetic_control,SOM_20x20_RECT_planar,20x20,RECT_planar,64,0.9990698285189481,19.70324935579223,1.1970324935579222,0.7897084705241149,0.14222966659223518,0.14937404700360873
synthetic_control,SOM_20x20_RECT_planar,20x20,RECT_planar,65,0.999069828518948,19.703249355792238,1.1970324935579222,0.8025230245297283,0.14236503316146007,0.14937404700360873
synthetic_control,SOM_20x20_RECT_planar,20x20,RECT_planar,66,0.9990698285189481,19.70324935579223,1.1970324935579222,0.8054899303162865,0.14236503316146007,0.149318925779766
synthetic_control,SOM_20x20_RECT_planar,20x20,RECT_planar,67,0.999069828518948,19.703249355792238,1.1970324935579222,0.773240945402609,0.14064640323821503,0.14937404700360873
synthetic_control,SOM_20x20_RECT_planar,20x20,RECT_planar,68,0.9990698285189481,19.70324935579223,1.1970324935579222,0.7897084705241149,0.14222966659223518,0.14937404700360873
synthetic_control,SOM_20x20_RECT_planar,20x20,RECT_planar,69,0.9985865086330963,19.52934456837782,1.1952934456837783,0.76743911277976,0.15198765152169913,0.15039680842030106
synthetic_control,SOM_20x20_RECT_planar,20x20,RECT_planar,70,0.9990698285189481,19.70324935579223,1.1970324935579222,0.8025230245297283,0.14236503316146007,0.14937404700360873
synthetic_control,SOM_20x20_RECT_planar,20x20,RECT_planar,71,0.9990698285189481,19.70324935579223,1.1970324935579222,0.7955284416321975,0.14222966659223518,0.14937404700360873
synthetic_control,SOM_20x20_RECT_toroid,20x20,RECT_toroid,42,0.999436783177075,20.482560941283843,1.2048256094128384,0.9056028734590624,0.072070690706985,0.06058216551264717
synthetic_control,SOM_20x20_RECT_toroid,20x20,RECT_toroid,43,0.9994498517050876,20.387911453477432,1.2038791145347743,0.8627138094204415,0.11233506977539594,0.10238328433197806
synthetic_control,SOM_20x20_RECT_toroid,20x20,RECT_toroid,44,0.9995968724494197,20.508964460048528,1.2050896446004853,0.8497053821898478,0.09980477013438926,0.10208845417427806
synthetic_control,SOM_20x20_RECT_toroid,20x20,RECT_toroid,45,0.9993987900228902,20.15803973291223,1.2015803973291224,0.9375481430877208,0.11140831805388417,0.10920470918257338
synthetic_control,SOM_20x20_RECT_toroid,20x20,RECT_toroid,46,0.9994066242261355,20.432726026979033,1.2043272602697903,0.9313822209671101,0.07675011338701601,0.0732857435439937
synthetic_control,SOM_20x20_RECT_toroid,20x20,RECT_toroid,47,0.9994917438301313,20.364466900030106,1.2036446690003009,0.449949321686531,0.08305734600576731,0.06893613810500991
synthetic_control,SOM_20x20_RECT_toroid,20x20,RECT_toroid,48,0.9994486859359529,20.43456989808069,1.2043456989808068,0.942174028223902,0.08533715419160874,0.09170114281026538
synthetic_control,SOM_20x20_RECT_toroid,20x20,RECT_toroid,49,0.9994540213054004,20.36477675824014,1.2036477675824013,0.9256604067463025,0.1029676812202804,0.09303200686110899
synthetic_control,SOM_20x20_RECT_toroid,20x20,RECT_toroid,50,0.9994817712547192,20.427569426925903,1.204275694269259,0.42369705700821075,0.0721315704791381,0.07972677793954683
synthetic_control,SOM_20x20_RECT_toroid,20x20,RECT_toroid,51,0.9993958118392272,20.43595554906451,1.2043595554906448,0.9220275569012928,0.08856844590267128,0.0878270665526986
synthetic_control,SOM_20x20_RECT_toroid,20x20,RECT_toroid,52,0.9994609800442779,20.416311524804307,1.204163115248043,0.9111469631606908,0.08946663212790229,0.09177369119309912
synthetic_control,SOM_20x20_RECT_toroid,20x20,RECT_toroid,53,0.9994310286747723,20.203404162617822,1.202034041626178,0.9137291994641938,0.11457774342684841,0.10850687369998331
synthetic_control,SOM_20x20_RECT_toroid,20x20,RECT_toroid,54,0.999389812190397,20.457891705604588,1.2045789170560461,0.9204840871124674,0.1038042640908334,0.10141377455112013
synthetic_control,SOM_20x20_RECT_toroid,20x20,RECT_toroid,55,0.9994804057879905,20.246123339372186,1.202461233393722,0.8819094119786071,0.09864790249920322,0.10049791496774611
synthetic_control,SOM_20x20_RECT_toroid,20x20,RECT_toroid,56,0.9994597673079728,20.262105928695487,1.2026210592869548,0.7268388328133312,0.12823950303306886,0.12669788821190264
synthetic_control,SOM_20x20_RECT_toroid,20x20,RECT_toroid,57,0.9993972086507051,20.412374463540008,1.2041237446354,0.8665408218228078,0.08112545558201294,0.09286895168606754
synthetic_control,SOM_20x20_RECT_toroid,20x20,RECT_toroid,58,0.9993697123059918,20.43172730854455,1.2043172730854454,0.924835927743976,0.11243214370296345,0.11421842328892107
synthetic_control,SOM_20x20_RECT_toroid,20x20,RECT_toroid,59,0.9994245332544192,20.462946827441566,1.2046294682744159,0.9148087964387582,0.10660334722279098,0.11014016287815638
synthetic_control,SOM_20x20_RECT_toroid,20x20,RECT_toroid,60,0.9994830357875051,20.350212844226796,1.203502128442268,0.6710437056841144,0.09043988981093644,0.10244921691908161
synthetic_control,SOM_20x20_RECT_toroid,20x20,RECT_toroid,61,0.9995741947623799,20.49883452824213,1.204988345282421,0.9483528902314087,0.09141309937779422,0.09501548423939207
synthetic_control,SOM_20x20_RECT_toroid,20x20,RECT_toroid,62,0.9994684446233615,20.40417411178721,1.2040417411178723,0.9091464367660329,0.09447669507343344,0.08632815015524192
synthetic_control,SOM_20x20_RECT_toroid,20x20,RECT_toroid,63,0.9995110669997983,20.41429453753923,1.2041429453753925,0.9500771963326383,0.10259080769282708,0.09675674328286572
synthetic_control,SOM_20x20_RECT_toroid,20x20,RECT_toroid,64,0.9994508909520454,20.460225083400534,1.2046022508340053,0.6299322925840282,0.09561115213566293,0.07301114127219972
synthetic_control,SOM_20x20_RECT_toroid,20x20,RECT_toroid,65,0.9994941025662635,20.283129043669888,1.202831290436699,0.9288320393670458,0.11677070013200934,0.11933889577674602
synthetic_control,SOM_20x20_RECT_toroid,20x20,RECT_toroid,66,0.9993678374241726,20.36210740381473,1.2036210740381472,0.934923811829849,0.09239583269413588,0.0940595288194989
synthetic_control,SOM_20x20_RECT_toroid,20x20,RECT_toroid,67,0.9995110669997981,20.414294537539227,1.204142945375392,0.947318160995529,0.10259080769282708,0.09635011821380496
synthetic_control,SOM_20x20_RECT_toroid,20x20,RECT_toroid,68,0.9993894541163507,20.414874140791486,1.2041487414079148,0.9397000538844498,0.11183666756704258,0.1231675262022992
synthetic_control,SOM_20x20_RECT_toroid,20x20,RECT_toroid,69,0.9994293914979393,20.432875110280552,1.2043287511028054,0.9049915527092333,0.0969104497399549,0.10161343970257351
synthetic_control,SOM_20x20_RECT_toroid,20x20,RECT_toroid,70,0.9994896768225996,20.331558129111606,1.203315581291116,0.8665275989777459,0.0968439342534618,0.11189458590302237
synthetic_control,SOM_20x20_RECT_toroid,20x20,RECT_toroid,71,0.9994394071990111,20.261172773930877,1.2026117277393087,0.964123026382866,0.15421845724517327,0.15795878017783396
wine,SOM_5x5_RECT_planar,5x5,RECT_planar,42,0.9951720799753273,17.615070966610677,1.1761507096661066,0.6441281138790036,0.040054360305870014,0.0559760954306403
wine,SOM_5x5_RECT_planar,5x5,RECT_planar,43,0.9910713923692924,17.481584184847172,1.1748158418484718,0.3301872431115847,0.047038234925535646,0.03364040173816706
wine,SOM_5x5_RECT_planar,5x5,RECT_planar,44,0.9910713923692922,17.481584184847172,1.1748158418484718,0.3301872431115847,0.047038234925535646,0.03364040173816706
wine,SOM_5x5_RECT_planar,5x5,RECT_planar,45,0.9910713923692924,17.481584184847172,1.1748158418484718,0.3301872431115847,0.047038234925535646,0.03364040173816706
wine,SOM_5x5_RECT_planar,5x5,RECT_planar,46,0.9910713923692921,17.481584184847176,1.1748158418484718,0.3301872431115847,0.047038234925535646,0.03364040173816706
wine,SOM_5x5_RECT_planar,5x5,RECT_planar,47,0.9910713923692926,17.481584184847172,1.174815841848472,0.3301872431115847,0.047038234925535646,0.03364040173816706
wine,SOM_5x5_RECT_planar,5x5,RECT_planar,48,0.9910713923692926,17.481584184847172,1.174815841848472,0.3301872431115847,0.047038234925535646,0.03364040173816706
wine,SOM_5x5_RECT_planar,5x5,RECT_planar,49,0.9951720799753273,17.615070966610677,1.1761507096661066,0.6441281138790036,0.040054360305870014,0.0559760954306403
wine,SOM_5x5_RECT_planar,5x5,RECT_planar,50,0.9910713923692924,17.481584184847172,1.1748158418484718,0.3301872431115847,0.047038234925535646,0.03364040173816706
wine,SOM_5x5_RECT_planar,5x5,RECT_planar,51,0.9910713923692926,17.481584184847172,1.174815841848472,0.3301872431115847,0.047038234925535646,0.03364040173816706
wine,SOM_5x5_RECT_planar,5x5,RECT_planar,52,0.9910713923692921,17.481584184847176,1.1748158418484718,0.3301872431115847,0.047038234925535646,0.03364040173816706
wine,SOM_5x5_RECT_planar,5x5,RECT_planar,53,0.9951720799753271,17.615070966610684,1.1761507096661068,0.6441281138790036,0.040054360305870014,0.0559760954306403
wine,SOM_5x5_RECT_planar,5x5,RECT_planar,54,0.9910713923692923,17.481584184847172,1.1748158418484718,0.3301872431115847,0.047038234925535646,0.03364040173816706
wine,SOM_5x5_RECT_planar,5x5,RECT_planar,55,0.9910713923692925,17.481584184847172,1.174815841848472,0.3301872431115847,0.047038234925535646,0.03364040173816706
wine,SOM_5x5_RECT_planar,5x5,RECT_planar,56,0.9910713923692926,17.481584184847172,1.174815841848472,0.3301872431115847,0.047038234925535646,0.03364040173816706
wine,SOM_5x5_RECT_planar,5x5,RECT_planar,57,0.9910713923692924,17.481584184847172,1.1748158418484718,0.3301872431115847,0.047038234925535646,0.03364040173816706
wine,SOM_5x5_RECT_planar,5x5,RECT_planar,58,0.9910713923692922,17.481584184847172,1.1748158418484718,0.3301872431115847,0.047038234925535646,0.03364040173816706
wine,SOM_5x5_RECT_planar,5x5,RECT_planar,59,0.9910713923692923,17.481584184847172,1.1748158418484718,0.3301872431115847,0.047038234925535646,0.03364040173816706
wine,SOM_5x5_RECT_planar,5x5,RECT_planar,60,0.9951720799753273,17.61507096661068,1.1761507096661068,0.6441281138790036,0.040054360305870014,0.0559760954306403
wine,SOM_5x5_RECT_planar,5x5,RECT_planar,61,0.9951720799753273,17.615070966610684,1.1761507096661068,0.6441281138790036,0.040054360305870014,0.0559760954306403
wine,SOM_5x5_RECT_planar,5x5,RECT_planar,62,0.9910713923692922,17.481584184847172,1.1748158418484718,0.3301872431115847,0.047038234925535646,0.03364040173816706
wine,SOM_5x5_RECT_planar,5x5,RECT_planar,63,0.9910713923692924,17.481584184847172,1.1748158418484718,0.3301872431115847,0.047038234925535646,0.03364040173816706
wine,SOM_5x5_RECT_planar,5x5,RECT_planar,64,0.9910713923692924,17.481584184847172,1.1748158418484718,0.3301872431115847,0.047038234925535646,0.03364040173816706
wine,SOM_5x5_RECT_planar,5x5,RECT_planar,65,0.9910713923692921,17.481584184847176,1.1748158418484718,0.3301872431115847,0.047038234925535646,0.03364040173816706
wine,SOM_5x5_RECT_planar,5x5,RECT_planar,66,0.9910713923692921,17.481584184847176,1.1748158418484718,0.3301872431115847,0.047038234925535646,0.03364040173816706
wine,SOM_5x5_RECT_planar,5x5,RECT_planar,67,0.9951720799753272,17.615070966610684,1.1761507096661068,0.6441281138790036,0.040054360305870014,0.0559760954306403
wine,SOM_5x5_RECT_planar,5x5,RECT_planar,68,0.9910713923692926,17.481584184847172,1.174815841848472,0.3301872431115847,0.047038234925535646,0.03364040173816706
wine,SOM_5x5_RECT_planar,5x5,RECT_planar,69,0.9910713923692924,17.481584184847172,1.1748158418484718,0.3301872431115847,0.047038234925535646,0.03364040173816706
wine,SOM_5x5_RECT_planar,5x5,RECT_planar,70,0.9951720799753272,17.615070966610684,1.1761507096661068,0.6441281138790036,0.040054360305870014,0.0559760954306403
wine,SOM_5x5_RECT_planar,5x5,RECT_planar,71,0.9951720799753272,17.615070966610684,1.1761507096661068,0.6441281138790036,0.040054360305870014,0.0559760954306403
wine,SOM_5x5_RECT_toroid,5x5,RECT_toroid,42,0.9839578531887423,20.059762371998154,1.2005976237199816,0.6300018271514709,0.2680506737789796,0.0661052334323698
wine,SOM_5x5_RECT_toroid,5x5,RECT_toroid,43,0.9800284238623391,19.981008449196622,1.1998100844919664,0.9061997498659996,0.091712323842667,0.09031264770915538
wine,SOM_5x5_RECT_toroid,5x5,RECT_toroid,44,0.9839578531887426,20.059762371998147,1.2005976237199811,0.6300018271514709,0.2680506737789796,0.0661052334323698
wine,SOM_5x5_RECT_toroid,5x5,RECT_toroid,45,0.983184727436957,20.063856948613378,1.200638569486134,0.33352240499149177,0.02273526111149522,0.11216216175776186
wine,SOM_5x5_RECT_toroid,5x5,RECT_toroid,46,0.9800284238623393,19.981008449196622,1.1998100844919664,0.9061997498659996,0.091712323842667,0.09031264770915538
wine,SOM_5x5_RECT_toroid,5x5,RECT_toroid,47,0.983184727436957,20.063856948613378,1.2006385694861335,0.33352240499149177,0.02273526111149522,0.11216216175776186
wine,SOM_5x5_RECT_toroid,5x5,RECT_toroid,48,0.9839578531887423,20.059762371998154,1.2005976237199814,0.6300018271514709,0.2680506737789796,0.0661052334323698
wine,SOM_5x5_RECT_toroid,5x5,RECT_toroid,49,0.983957853188742,20.05976237199815,1.2005976237199816,0.6300018271514709,0.2680506737789796,0.0661052334323698
wine,SOM_5x5_RECT_toroid,5x5,RECT_toroid,50,0.9839578531887424,20.05976237199815,1.2005976237199818,0.6300018271514709,0.2680506737789796,0.0661052334323698
wine,SOM_5x5_RECT_toroid,5x5,RECT_toroid,51,0.9831847274369567,20.063856948613374,1.2006385694861335,0.3649917172832689,0.02273526111149522,0.09566192963889814
wine,SOM_5x5_RECT_toroid,5x5,RECT_toroid,52,0.9831847274369568,20.063856948613378,1.2006385694861335,0.33352240499149177,0.02273526111149522,0.11216216175776186
wine,SOM_5x5_RECT_toroid,5x5,RECT_toroid,53,0.9839578531887421,20.05976237199815,1.2005976237199814,0.6300018271514709,0.2680506737789796,0.0661052334323698
wine,SOM_5x5_RECT_toroid,5x5,RECT_toroid,54,0.9839578531887423,20.05976237199815,1.2005976237199814,0.6300018271514709,0.2680506737789796,0.0661052334323698
wine,SOM_5x5_RECT_toroid,5x5,RECT_toroid,55,0.9831847274369568,20.063856948613378,1.2006385694861337,0.43401435670900057,0.01426612854093624,0.09566192963889814
wine,SOM_5x5_RECT_toroid,5x5,RECT_toroid,56,0.9839578531887421,20.05976237199815,1.2005976237199816,0.6300018271514709,0.2680506737789796,0.0661052334323698
wine,SOM_5x5_RECT_toroid,5x5,RECT_toroid,57,0.9831847274369568,20.063856948613374,1.200638569486134,0.33352240499149177,0.02273526111149522,0.11216216175776186
wine,SOM_5x5_RECT_toroid,5x5,RECT_toroid,58,0.9831847274369567,20.063856948613378,1.2006385694861337,0.3649917172832689,0.02273526111149522,0.09566192963889814
wine,SOM_5x5_RECT_toroid,5x5,RECT_toroid,59,0.9831847274369571,20.063856948613378,1.2006385694861337,0.33352240499149177,0.02273526111149522,0.11216216175776186
wine,SOM_5x5_RECT_toroid,5x5,RECT_toroid,60,0.9800284238623392,19.981008449196626,1.1998100844919664,0.9061997498659996,0.091712323842667,0.09031264770915538
wine,SOM_5x5_RECT_toroid,5x5,RECT_toroid,61,0.9800284238623392,19.981008449196626,1.1998100844919664,0.9061997498659996,0.091712323842667,0.09031264770915538
wine,SOM_5x5_RECT_toroid,5x5,RECT_toroid,62,0.9839578531887424,20.05976237199815,1.2005976237199816,0.6300018271514709,0.2680506737789796,0.0661052334323698
wine,SOM_5x5_RECT_toroid,5x5,RECT_toroid,63,0.9831847274369566,20.063856948613378,1.200638569486134,0.33352240499149177,0.02273526111149522,0.11216216175776186
wine,SOM_5x5_RECT_toroid,5x5,RECT_toroid,64,0.9831847274369567,20.063856948613378,1.200638569486134,0.33352240499149177,0.02273526111149522,0.11216216175776186
wine,SOM_5x5_RECT_toroid,5x5,RECT_toroid,65,0.9831847274369568,20.063856948613378,1.2006385694861337,0.33352240499149177,0.02273526111149522,0.11216216175776186
wine,SOM_5x5_RECT_toroid,5x5,RECT_toroid,66,0.9839578531887425,20.05976237199815,1.2005976237199816,0.6300018271514709,0.2680506737789796,0.0661052334323698
wine,SOM_5x5_RECT_toroid,5x5,RECT_toroid,67,0.9839578531887424,20.05976237199815,1.2005976237199816,0.6300018271514709,0.2680506737789796,0.0661052334323698
wine,SOM_5x5_RECT_toroid,5x5,RECT_toroid,68,0.9839578531887423,20.05976237199815,1.2005976237199814,0.6300018271514709,0.2680506737789796,0.0661052334323698
wine,SOM_5x5_RECT_toroid,5x5,RECT_toroid,69,0.9831847274369568,20.063856948613374,1.2006385694861335,0.33352240499149177,0.02273526111149522,0.11216216175776186
wine,SOM_5x5_RECT_toroid,5x5,RECT_toroid,70,0.9831847274369571,20.063856948613378,1.2006385694861335,0.3199290360733294,0.02273526111149522,0.16653956179399435
wine,SOM_5x5_RECT_toroid,5x5,RECT_toroid,71,0.9831847274369567,20.063856948613378,1.2006385694861337,0.3199290360733294,0.02273526111149522,0.16653956179399435
wine,SOM_7x7_RECT_planar,7x7,RECT_planar,42,0.9945239565481809,18.19531746200913,1.1819531746200913,0.7318163965995617,0.05542171284720946,0.03055452431616744
wine,SOM_7x7_RECT_planar,7x7,RECT_planar,43,0.9948399098564643,18.22265262085758,1.1822265262085758,0.6852112022280674,0.022969317740525953,0.03140592092597828
wine,SOM_7x7_RECT_planar,7x7,RECT_planar,44,0.9945239565481807,18.19531746200913,1.1819531746200913,0.7318163965995617,0.05542171284720946,0.03055452431616744
wine,SOM_7x7_RECT_planar,7x7,RECT_planar,45,0.9945239565481808,18.195317462009122,1.1819531746200913,0.7318163965995617,0.05542171284720946,0.03055452431616744
wine,SOM_7x7_RECT_planar,7x7,RECT_planar,46,0.9945239565481807,18.195317462009122,1.1819531746200913,0.7318163965995617,0.05542171284720946,0.03055452431616744
wine,SOM_7x7_RECT_planar,7x7,RECT_planar,47,0.9945239565481809,18.19531746200913,1.1819531746200913,0.7318163965995617,0.05542171284720946,0.03055452431616744
wine,SOM_7x7_RECT_planar,7x7,RECT_planar,48,0.994523956548181,18.19531746200913,1.1819531746200913,0.7318163965995617,0.05542171284720946,0.03055452431616744
wine,SOM_7x7_RECT_planar,7x7,RECT_planar,49,0.994523956548181,18.19531746200912,1.1819531746200909,0.7318163965995617,0.05542171284720946,0.03055452431616744
wine,SOM_7x7_RECT_planar,7x7,RECT_planar,50,0.9948399098564643,18.22265262085758,1.1822265262085758,0.6852112022280674,0.022969317740525953,0.03140592092597828
wine,SOM_7x7_RECT_planar,7x7,RECT_planar,51,0.9948399098564644,18.222652620857584,1.1822265262085756,0.6852112022280674,0.022969317740525953,0.03140592092597828
wine,SOM_7x7_RECT_planar,7x7,RECT_planar,52,0.9948399098564642,18.22265262085758,1.1822265262085758,0.6852112022280674,0.022969317740525953,0.03140592092597828
wine,SOM_7x7_RECT_planar,7x7,RECT_planar,53,0.9945239565481807,18.19531746200913,1.1819531746200913,0.7318163965995617,0.05542171284720946,0.03055452431616744
wine,SOM_7x7_RECT_planar,7x7,RECT_planar,54,0.9945239565481808,18.195317462009122,1.1819531746200913,0.7318163965995617,0.05542171284720946,0.03055452431616744
wine,SOM_7x7_RECT_planar,7x7,RECT_planar,55,0.9945239565481807,18.195317462009122,1.1819531746200913,0.7318163965995617,0.05542171284720946,0.03055452431616744
wine,SOM_7x7_RECT_planar,7x7,RECT_planar,56,0.994523956548181,18.19531746200913,1.1819531746200913,0.7318163965995617,0.05542171284720946,0.03055452431616744
wine,SOM_7x7_RECT_planar,7x7,RECT_planar,57,0.9945239565481808,18.195317462009122,1.1819531746200913,0.7318163965995617,0.05542171284720946,0.03055452431616744
wine,SOM_7x7_RECT_planar,7x7,RECT_planar,58,0.994523956548181,18.19531746200912,1.1819531746200909,0.7318163965995617,0.05542171284720946,0.03055452431616744
wine,SOM_7x7_RECT_planar,7x7,RECT_planar,59,0.9945239565481807,18.19531746200913,1.1819531746200913,0.7318163965995617,0.05542171284720946,0.03055452431616744
wine,SOM_7x7_RECT_planar,7x7,RECT_planar,60,0.9948399098564643,18.22265262085758,1.1822265262085758,0.6852112022280674,0.022969317740525953,0.03140592092597828
wine,SOM_7x7_RECT_planar,7x7,RECT_planar,61,0.9945239565481809,18.19531746200913,1.1819531746200913,0.7318163965995617,0.05542171284720946,0.03055452431616744
wine,SOM_7x7_RECT_planar,7x7,RECT_planar,62,0.9948399098564644,18.222652620857584,1.1822265262085756,0.6852112022280674,0.022969317740525953,0.03140592092597828
wine,SOM_7x7_RECT_planar,7x7,RECT_planar,63,0.9945239565481807,18.19531746200913,1.1819531746200913,0.7318163965995617,0.05542171284720946,0.03055452431616744
wine,SOM_7x7_RECT_planar,7x7,RECT_planar,64,0.994523956548181,18.19531746200912,1.1819531746200909,0.7318163965995617,0.05542171284720946,0.03055452431616744
wine,SOM_7x7_RECT_planar,7x7,RECT_planar,65,0.9945239565481807,18.195317462009122,1.1819531746200913,0.7318163965995617,0.05542171284720946,0.03055452431616744
wine,SOM_7x7_RECT_planar,7x7,RECT_planar,66,0.9948399098564648,18.222652620857584,1.1822265262085758,0.6852112022280674,0.022969317740525953,0.03140592092597828
wine,SOM_7x7_RECT_planar,7x7,RECT_planar,67,0.9945239565481808,18.195317462009122,1.1819531746200913,0.7318163965995617,0.05542171284720946,0.03055452431616744
wine,SOM_7x7_RECT_planar,7x7,RECT_planar,68,0.9945239565481808,18.195317462009122,1.1819531746200913,0.7318163965995617,0.05542171284720946,0.03055452431616744
wine,SOM_7x7_RECT_planar,7x7,RECT_planar,69,0.994523956548181,18.19531746200913,1.1819531746200913,0.7318163965995617,0.05542171284720946,0.03055452431616744
wine,SOM_7x7_RECT_planar,7x7,RECT_planar,70,0.9948399098564643,18.22265262085758,1.1822265262085758,0.6852112022280674,0.022969317740525953,0.03140592092597828
wine,SOM_7x7_RECT_planar,7x7,RECT_planar,71,0.9945239565481807,18.19531746200913,1.1819531746200913,0.7318163965995617,0.05542171284720946,0.03055452431616744
wine,SOM_7x7_RECT_toroid,7x7,RECT_toroid,42,0.9987387623506352,20.335602826906012,1.20335602826906,0.9260513481181559,0.06872799825020741,0.0641663349567329
wine,SOM_7x7_RECT_toroid,7x7,RECT_toroid,43,0.9987387623506351,20.335602826906012,1.20335602826906,0.9260513481181559,0.06872799825020741,0.0641663349567329
wine,SOM_7x7_RECT_toroid,7x7,RECT_toroid,44,0.9987387623506354,20.335602826906012,1.2033560282690603,0.9260513481181559,0.06872799825020741,0.0641663349567329
wine,SOM_7x7_RECT_toroid,7x7,RECT_toroid,45,0.9987387623506354,20.335602826906012,1.2033560282690599,0.9260513481181559,0.06872799825020741,0.0641663349567329
wine,SOM_7x7_RECT_toroid,7x7,RECT_toroid,46,0.9987387623506351,20.33560282690602,1.2033560282690603,0.9260513481181559,0.06872799825020741,0.0641663349567329
wine,SOM_7x7_RECT_toroid,7x7,RECT_toroid,47,0.9987387623506352,20.335602826906012,1.20335602826906,0.9260513481181559,0.06872799825020741,0.0641663349567329
wine,SOM_7x7_RECT_toroid,7x7,RECT_toroid,48,0.9987387623506351,20.335602826906012,1.20335602826906,0.9260513481181559,0.06872799825020741,0.0641663349567329
wine,SOM_7x7_RECT_toroid,7x7,RECT_toroid,49,0.9987387623506352,20.335602826906012,1.20335602826906,0.9260513481181559,0.06872799825020741,0.0641663349567329
wine,SOM_7x7_RECT_toroid,7x7,RECT_toroid,50,0.9987387623506351,20.335602826906015,1.2033560282690603,0.9260513481181559,0.06872799825020741,0.0641663349567329
wine,SOM_7x7_RECT_toroid,7x7,RECT_toroid,51,0.9987387623506352,20.335602826906015,1.2033560282690599,0.9260513481181559,0.06872799825020741,0.0641663349567329
wine,SOM_7x7_RECT_toroid,7x7,RECT_toroid,52,0.9987387623506354,20.335602826906012,1.20335602826906,0.9260513481181559,0.06872799825020741,0.0641663349567329
wine,SOM_7x7_RECT_toroid,7x7,RECT_toroid,53,0.9987387623506351,20.335602826906012,1.20335602826906,0.9260513481181559,0.06872799825020741,0.0641663349567329
wine,SOM_7x7_RECT_toroid,7x7,RECT_toroid,54,0.9987387623506352,20.335602826906015,1.2033560282690603,0.9260513481181559,0.06872799825020741,0.0641663349567329
wine,SOM_7x7_RECT_toroid,7x7,RECT_toroid,55,0.9987387623506352,20.335602826906015,1.20335602826906,0.9260513481181559,0.06872799825020741,0.0641663349567329
wine,SOM_7x7_RECT_toroid,7x7,RECT_toroid,56,0.9987387623506355,20.335602826906012,1.20335602826906,0.9260513481181559,0.06872799825020741,0.0641663349567329
wine,SOM_7x7_RECT_toroid,7x7,RECT_toroid,57,0.9987387623506353,20.335602826906012,1.20335602826906,0.9260513481181559,0.06872799825020741,0.0641663349567329
wine,SOM_7x7_RECT_toroid,7x7,RECT_toroid,58,0.9987387623506351,20.335602826906015,1.20335602826906,0.9260513481181559,0.06872799825020741,0.0641663349567329
wine,SOM_7x7_RECT_toroid,7x7,RECT_toroid,59,0.9987387623506351,20.335602826906015,1.2033560282690599,0.9260513481181559,0.06872799825020741,0.0641663349567329
wine,SOM_7x7_RECT_toroid,7x7,RECT_toroid,60,0.9987387623506352,20.335602826906012,1.20335602826906,0.9260513481181559,0.06872799825020741,0.0641663349567329
wine,SOM_7x7_RECT_toroid,7x7,RECT_toroid,61,0.9987387623506353,20.335602826906012,1.2033560282690599,0.9260513481181559,0.06872799825020741,0.0641663349567329
wine,SOM_7x7_RECT_toroid,7x7,RECT_toroid,62,0.998738762350635,20.335602826906012,1.20335602826906,0.9260513481181559,0.06872799825020741,0.0641663349567329
wine,SOM_7x7_RECT_toroid,7x7,RECT_toroid,63,0.9987387623506352,20.335602826906015,1.20335602826906,0.9260513481181559,0.06872799825020741,0.0641663349567329
wine,SOM_7x7_RECT_toroid,7x7,RECT_toroid,64,0.9987387623506351,20.335602826906015,1.2033560282690603,0.9260513481181559,0.06872799825020741,0.0641663349567329
wine,SOM_7x7_RECT_toroid,7x7,RECT_toroid,65,0.9987387623506353,20.335602826906012,1.2033560282690603,0.9260513481181559,0.06872799825020741,0.0641663349567329
wine,SOM_7x7_RECT_toroid,7x7,RECT_toroid,66,0.9987387623506349,20.33560282690602,1.2033560282690603,0.9260513481181559,0.06872799825020741,0.0641663349567329
wine,SOM_7x7_RECT_toroid,7x7,RECT_toroid,67,0.9987387623506351,20.335602826906012,1.20335602826906,0.9260513481181559,0.06872799825020741,0.0641663349567329
wine,SOM_7x7_RECT_toroid,7x7,RECT_toroid,68,0.9987387623506351,20.335602826906012,1.20335602826906,0.9260513481181559,0.06872799825020741,0.0641663349567329
wine,SOM_7x7_RECT_toroid,7x7,RECT_toroid,69,0.9987387623506353,20.335602826906012,1.20335602826906,0.9260513481181559,0.06872799825020741,0.0641663349567329
wine,SOM_7x7_RECT_toroid,7x7,RECT_toroid,70,0.9987387623506353,20.335602826906012,1.20335602826906,0.9260513481181559,0.06872799825020741,0.0641663349567329
wine,SOM_7x7_RECT_toroid,7x7,RECT_toroid,71,0.9987387623506351,20.335602826906012,1.20335602826906,0.9260513481181559,0.06872799825020741,0.0641663349567329
wine,SOM_10x10_RECT_planar,10x10,RECT_planar,42,0.9954544588386333,18.83235268680667,1.1883235268680665,0.8908192781673814,0.033544027391011304,0.03945169984832405
wine,SOM_10x10_RECT_planar,10x10,RECT_planar,43,0.99640834810842,18.806137799897453,1.1880613779989746,0.7834862647980875,0.05561798713081893,0.032126496354292315
wine,SOM_10x10_RECT_planar,10x10,RECT_planar,44,0.9964083481084202,18.806137799897453,1.1880613779989744,0.7834862647980875,0.05561798713081893,0.032126496354292315
wine,SOM_10x10_RECT_planar,10x10,RECT_planar,45,0.9964083481084202,18.80613779989745,1.1880613779989744,0.7834862647980875,0.05561798713081893,0.032126496354292315
wine,SOM_10x10_RECT_planar,10x10,RECT_planar,46,0.9954544588386327,18.832352686806665,1.188323526868066,0.8908192781673814,0.033544027391011304,0.03945169984832405
wine,SOM_10x10_RECT_planar,10x10,RECT_planar,47,0.9964083481084202,18.80613779989745,1.1880613779989744,0.7834862647980875,0.05561798713081893,0.032126496354292315
wine,SOM_10x10_RECT_planar,10x10,RECT_planar,48,0.9954544588386327,18.832352686806665,1.188323526868066,0.8908192781673814,0.033544027391011304,0.03945169984832405
wine,SOM_10x10_RECT_planar,10x10,RECT_planar,49,0.99640834810842,18.806137799897453,1.1880613779989746,0.7834862647980875,0.05561798713081893,0.032126496354292315
wine,SOM_10x10_RECT_planar,10x10,RECT_planar,50,0.9964083481084202,18.80613779989745,1.1880613779989746,0.7834862647980875,0.05561798713081893,0.032126496354292315
wine,SOM_10x10_RECT_planar,10x10,RECT_planar,51,0.9964083481084202,18.80613779989745,1.1880613779989744,0.7834862647980875,0.05561798713081893,0.032126496354292315
wine,SOM_10x10_RECT_planar,10x10,RECT_planar,52,0.9964083481084202,18.806137799897453,1.1880613779989744,0.7834862647980875,0.05561798713081893,0.032126496354292315
wine,SOM_10x10_RECT_planar,10x10,RECT_planar,53,0.9964083481084202,18.806137799897453,1.1880613779989744,0.7834862647980875,0.05561798713081893,0.032126496354292315
wine,SOM_10x10_RECT_planar,10x10,RECT_planar,54,0.9964083481084203,18.806137799897453,1.1880613779989746,0.7834862647980875,0.05561798713081893,0.032126496354292315
wine,SOM_10x10_RECT_planar,10x10,RECT_planar,55,0.9964083481084199,18.806137799897453,1.1880613779989744,0.7834862647980875,0.05561798713081893,0.032126496354292315
wine,SOM_10x10_RECT_planar,10x10,RECT_planar,56,0.9964083481084202,18.806137799897453,1.1880613779989744,0.7834862647980875,0.05561798713081893,0.032126496354292315
wine,SOM_10x10_RECT_planar,10x10,RECT_planar,57,0.9964083481084202,18.80613779989745,1.1880613779989744,0.7834862647980875,0.05561798713081893,0.032126496354292315
wine,SOM_10x10_RECT_planar,10x10,RECT_planar,58,0.9964083481084199,18.806137799897453,1.1880613779989744,0.7834862647980875,0.05561798713081893,0.032126496354292315
wine,SOM_10x10_RECT_planar,10x10,RECT_planar,59,0.9964083481084199,18.806137799897453,1.1880613779989744,0.7834862647980875,0.05561798713081893,0.032126496354292315
wine,SOM_10x10_RECT_planar,10x10,RECT_planar,60,0.9964083481084199,18.806137799897453,1.1880613779989744,0.7834862647980875,0.05561798713081893,0.032126496354292315
wine,SOM_10x10_RECT_planar,10x10,RECT_planar,61,0.99640834810842,18.806137799897453,1.1880613779989746,0.7834862647980875,0.05561798713081893,0.032126496354292315
wine,SOM_10x10_RECT_planar,10x10,RECT_planar,62,0.99640834810842,18.806137799897453,1.1880613779989746,0.7834862647980875,0.05561798713081893,0.032126496354292315
wine,SOM_10x10_RECT_planar,10x10,RECT_planar,63,0.9954544588386333,18.83235268680667,1.1883235268680665,0.8908192781673814,0.033544027391011304,0.03945169984832405
wine,SOM_10x10_RECT_planar,10x10,RECT_planar,64,0.995454458838633,18.832352686806665,1.1883235268680665,0.8908192781673814,0.033544027391011304,0.03945169984832405
wine,SOM_10x10_RECT_planar,10x10,RECT_planar,65,0.9964083481084202,18.80613779989745,1.1880613779989744,0.7834862647980875,0.05561798713081893,0.032126496354292315
wine,SOM_10x10_RECT_planar,10x10,RECT_planar,66,0.9964083481084202,18.806137799897453,1.1880613779989744,0.7834862647980875,0.05561798713081893,0.032126496354292315
wine,SOM_10x10_RECT_planar,10x10,RECT_planar,67,0.9964083481084202,18.80613779989745,1.1880613779989746,0.7834862647980875,0.05561798713081893,0.032126496354292315
wine,SOM_10x10_RECT_planar,10x10,RECT_planar,68,0.9964083481084202,18.806137799897453,1.1880613779989744,0.7834862647980875,0.05561798713081893,0.032126496354292315
wine,SOM_10x10_RECT_planar,10x10,RECT_planar,69,0.9964083481084202,18.80613779989745,1.1880613779989746,0.7834862647980875,0.05561798713081893,0.032126496354292315
wine,SOM_10x10_RECT_planar,10x10,RECT_planar,70,0.9954544588386333,18.832352686806665,1.1883235268680665,0.8908192781673814,0.033544027391011304,0.03945169984832405
wine,SOM_10x10_RECT_planar,10x10,RECT_planar,71,0.9954544588386329,18.83235268680667,1.1883235268680667,0.8908192781673814,0.033544027391011304,0.03945169984832405
wine,SOM_10x10_RECT_toroid,10x10,RECT_toroid,42,0.9995102993450601,20.537729290660725,1.2053772929066076,0.9155708916627124,-0.0019530436425316865,-0.008125900067367462
wine,SOM_10x10_RECT_toroid,10x10,RECT_toroid,43,0.9995607808432792,20.507586793899176,1.2050758679389917,0.9423503297916848,-0.003427381374793484,-0.00477188628105309
wine,SOM_10x10_RECT_toroid,10x10,RECT_toroid,44,0.9994634526605747,20.49205228317686,1.2049205228317685,0.9077471837974289,0.009139369504383784,0.003643122093530144
wine,SOM_10x10_RECT_toroid,10x10,RECT_toroid,45,0.9996925060107101,20.669168285835678,1.2066916828583572,1.0,0.017282976287565543,0.017282976287565543
wine,SOM_10x10_RECT_toroid,10x10,RECT_toroid,46,0.9994876790847992,20.522292764793583,1.2052229276479356,0.973996341191915,-0.002279195508291364,-0.0023747783840530647
wine,SOM_10x10_RECT_toroid,10x10,RECT_toroid,47,0.9995912101091438,20.668252442101352,1.206682524421013,1.0,0.00813680682751226,0.00813680682751226
wine,SOM_10x10_RECT_toroid,10x10,RECT_toroid,48,0.9995912101091438,20.668252442101345,1.2066825244210133,1.0,0.00813680682751226,0.00813680682751226
wine,SOM_10x10_RECT_toroid,10x10,RECT_toroid,49,0.9995680837910331,20.52198271563036,1.2052198271563033,0.9672528624802152,0.0035730510514845465,0.005598688584114582
wine,SOM_10x10_RECT_toroid,10x10,RECT_toroid,50,0.999463452660575,20.492052283176857,1.2049205228317685,0.9077471837974289,0.009139369504383784,0.003643122093530144
wine,SOM_10x10_RECT_toroid,10x10,RECT_toroid,51,0.9995680837910335,20.52198271563036,1.2052198271563037,0.9672528624802152,0.0035730510514845465,0.005598688584114582
wine,SOM_10x10_RECT_toroid,10x10,RECT_toroid,52,0.9991368069888068,20.430615819715975,1.2043061581971597,0.7132324938884497,-0.007568387868207428,-0.006259448698198692
wine,SOM_10x10_RECT_toroid,10x10,RECT_toroid,53,0.999465551888761,20.47527873797566,1.2047527873797566,0.9684242094517828,0.008132026301750113,0.012847451441948161
wine,SOM_10x10_RECT_toroid,10x10,RECT_toroid,54,0.9994634526605747,20.49205228317686,1.2049205228317685,0.9077471837974289,0.009139369504383784,0.003643122093530144
wine,SOM_10x10_RECT_toroid,10x10,RECT_toroid,55,0.9995680837910331,20.52198271563036,1.2052198271563037,0.9672528624802152,0.0035730510514845465,0.005598688584114582
wine,SOM_10x10_RECT_toroid,10x10,RECT_toroid,56,0.99969250601071,20.66916828583568,1.206691682858357,1.0,0.017282976287565543,0.017282976287565543
wine,SOM_10x10_RECT_toroid,10x10,RECT_toroid,57,0.9995680837910332,20.521982715630365,1.2052198271563042,0.9672528624802152,0.0035730510514845465,0.005598688584114582
wine,SOM_10x10_RECT_toroid,10x10,RECT_toroid,58,0.9991368069888069,20.430615819715978,1.20430615819716,0.7132324938884497,-0.007568387868207428,-0.006259448698198692
wine,SOM_10x10_RECT_toroid,10x10,RECT_toroid,59,0.9994876790847991,20.522292764793576,1.2052229276479358,0.973996341191915,-0.002279195508291364,-0.0023747783840530647
wine,SOM_10x10_RECT_toroid,10x10,RECT_toroid,60,0.9995607808432787,20.507586793899176,1.2050758679389921,0.9423503297916848,-0.003427381374793484,-0.00477188628105309
wine,SOM_10x10_RECT_toroid,10x10,RECT_toroid,61,0.9994404934522545,20.49642132932753,1.2049642132932752,1.0,0.025881967485751486,0.025881967485751486
wine,SOM_10x10_RECT_toroid,10x10,RECT_toroid,62,0.999363877906133,20.46354977179404,1.2046354977179405,0.9379606296316829,-0.0020452003267928767,-0.00897750689877329
wine,SOM_10x10_RECT_toroid,10x10,RECT_toroid,63,0.9995102993450604,20.537729290660725,1.2053772929066073,0.9155708916627124,-0.0019530436425316865,-0.008125900067367462
wine,SOM_10x10_RECT_toroid,10x10,RECT_toroid,64,0.999136806988807,20.43061581971597,1.2043061581971597,0.7692815666131201,-0.007568387868207428,-0.010662225743313039
wine,SOM_10x10_RECT_toroid,10x10,RECT_toroid,65,0.9994634526605749,20.49205228317686,1.2049205228317685,0.9077471837974289,0.009139369504383784,0.003643122093530144
wine,SOM_10x10_RECT_toroid,10x10,RECT_toroid,66,0.9995102993450604,20.537729290660728,1.2053772929066076,0.9155708916627124,-0.0019530436425316865,-0.008125900067367462
wine,SOM_10x10_RECT_toroid,10x10,RECT_toroid,67,0.9996132374465055,20.60260936115196,1.2060260936115195,1.0,0.011258090425588983,0.011258090425588983
wine,SOM_10x10_RECT_toroid,10x10,RECT_toroid,68,0.9993293352113505,20.474265465282368,1.2047426546528237,1.0,0.009680507896478285,0.009680507896478285
wine,SOM_10x10_RECT_toroid,10x10,RECT_toroid,69,0.9995680837910333,20.52198271563036,1.2052198271563037,0.9672528624802152,0.0035730510514845465,0.005598688584114582
wine,SOM_10x10_RECT_toroid,10x10,RECT_toroid,70,0.9991368069888068,20.430615819715975,1.2043061581971597,0.7692815666131201,-0.007568387868207428,-0.010662225743313039
wine,SOM_10x10_RECT_toroid,10x10,RECT_toroid,71,0.9991368069888069,20.430615819715975,1.2043061581971597,0.7692815666131201,-0.007568387868207428,-0.010662225743313039
wine,SOM_12x12_RECT_planar,12x12,RECT_planar,42,0.9966600407245938,18.928245016259407,1.1892824501625943,0.9263555960386614,0.005427197766670533,0.003301758600468367
wine,SOM_12x12_RECT_planar,12x12,RECT_planar,43,0.9966600407245938,18.92824501625941,1.1892824501625943,0.9263555960386614,0.005427197766670533,0.003301758600468367
wine,SOM_12x12_RECT_planar,12x12,RECT_planar,44,0.9966600407245938,18.928245016259407,1.1892824501625945,0.9263555960386614,0.005427197766670533,0.003301758600468367
wine,SOM_12x12_RECT_planar,12x12,RECT_planar,45,0.9966600407245938,18.928245016259407,1.1892824501625945,0.9263555960386614,0.005427197766670533,0.003301758600468367
wine,SOM_12x12_RECT_planar,12x12,RECT_planar,46,0.9959743451980034,19.029321652699203,1.1902932165269922,0.7342693439322768,0.009050682913016599,-0.0028494867490023727
wine,SOM_12x12_RECT_planar,12x12,RECT_planar,47,0.9966600407245938,18.928245016259407,1.1892824501625943,0.8283400505578864,0.007076847354618247,0.003301758600468367
wine,SOM_12x12_RECT_planar,12x12,RECT_planar,48,0.9966600407245939,18.928245016259407,1.1892824501625945,0.9263555960386614,0.005427197766670533,0.003301758600468367
wine,SOM_12x12_RECT_planar,12x12,RECT_planar,49,0.9966600407245938,18.92824501625941,1.1892824501625943,0.8811391203717689,0.008141081738783319,0.003301758600468367
wine,SOM_12x12_RECT_planar,12x12,RECT_planar,50,0.9966600407245938,18.928245016259407,1.1892824501625943,0.9263555960386614,0.005427197766670533,0.003301758600468367
wine,SOM_12x12_RECT_planar,12x12,RECT_planar,51,0.9966600407245938,18.928245016259407,1.1892824501625943,0.9029744822854424,0.004166926018150228,0.003301758600468367
wine,SOM_12x12_RECT_planar,12x12,RECT_planar,52,0.9959743451980034,19.029321652699203,1.1902932165269922,0.7342693439322768,0.009050682913016599,-0.0028494867490023727
wine,SOM_12x12_RECT_planar,12x12,RECT_planar,53,0.9959743451980033,19.029321652699206,1.1902932165269922,0.7342693439322768,0.009050682913016599,-0.0028494867490023727
wine,SOM_12x12_RECT_planar,12x12,RECT_planar,54,0.9966600407245938,18.92824501625941,1.1892824501625943,0.9029744822854424,0.004166926018150228,0.003301758600468367
wine,SOM_12x12_RECT_planar,12x12,RECT_planar,55,0.9966600407245941,18.92824501625941,1.189282450162594,0.9263555960386614,0.005427197766670533,0.003301758600468367
wine,SOM_12x12_RECT_planar,12x12,RECT_planar,56,0.9959743451980033,19.029321652699206,1.1902932165269922,0.7342693439322768,0.009050682913016599,-0.0028494867490023727
wine,SOM_12x12_RECT_planar,12x12,RECT_planar,57,0.9959743451980033,19.029321652699206,1.1902932165269922,0.7342693439322768,0.009050682913016599,-0.0028494867490023727
wine,SOM_12x12_RECT_planar,12x12,RECT_planar,58,0.9966600407245938,18.928245016259407,1.1892824501625945,0.9263555960386614,0.005427197766670533,0.003301758600468367
wine,SOM_12x12_RECT_planar,12x12,RECT_planar,59,0.9966600407245938,18.928245016259407,1.1892824501625945,0.9384398883232953,0.004396919876324563,0.003301758600468367
wine,SOM_12x12_RECT_planar,12x12,RECT_planar,60,0.9966600407245939,18.928245016259407,1.1892824501625945,0.9384398883232953,0.004396919876324563,0.003301758600468367
wine,SOM_12x12_RECT_planar,12x12,RECT_planar,61,0.9966600407245939,18.928245016259407,1.1892824501625945,0.9384398883232953,0.004396919876324563,0.003301758600468367
wine,SOM_12x12_RECT_planar,12x12,RECT_planar,62,0.9966600407245939,18.92824501625941,1.1892824501625943,0.9263555960386614,0.005427197766670533,0.003301758600468367
wine,SOM_12x12_RECT_planar,12x12,RECT_planar,63,0.9966600407245939,18.928245016259407,1.1892824501625945,0.9263555960386614,0.005427197766670533,0.003301758600468367
wine,SOM_12x12_RECT_planar,12x12,RECT_planar,64,0.9966600407245938,18.928245016259407,1.1892824501625945,0.8811391203717689,0.008141081738783319,0.003301758600468367
wine,SOM_12x12_RECT_planar,12x12,RECT_planar,65,0.9966600407245938,18.928245016259407,1.1892824501625943,0.9263555960386614,0.005427197766670533,0.003301758600468367
wine,SOM_12x12_RECT_planar,12x12,RECT_planar,66,0.9966600407245938,18.928245016259407,1.1892824501625945,0.9384398883232953,0.004396919876324563,0.003301758600468367
wine,SOM_12x12_RECT_planar,12x12,RECT_planar,67,0.9966600407245938,18.928245016259407,1.1892824501625943,0.9263555960386614,0.005427197766670533,0.003301758600468367
wine,SOM_12x12_RECT_planar,12x12,RECT_planar,68,0.9966600407245938,18.928245016259407,1.1892824501625943,0.9384398883232953,0.004396919876324563,0.003301758600468367
wine,SOM_12x12_RECT_planar,12x12,RECT_planar,69,0.9959743451980034,19.029321652699206,1.1902932165269922,0.7342693439322768,0.009050682913016599,-0.0028494867490023727
wine,SOM_12x12_RECT_planar,12x12,RECT_planar,70,0.9966600407245939,18.92824501625941,1.1892824501625943,0.8070839377400594,0.003993844176242737,0.003301758600468367
wine,SOM_12x12_RECT_planar,12x12,RECT_planar,71,0.9959743451980034,19.029321652699206,1.1902932165269922,0.7342693439322768,0.009050682913016599,-0.0028494867490023727
wine,SOM_12x12_RECT_toroid,12x12,RECT_toroid,42,0.9995954406646443,20.540313488295112,1.205403134882951,1.0,-0.004531076298078428,-0.004531076298078428
wine,SOM_12x12_RECT_toroid,12x12,RECT_toroid,43,0.9996083124157443,20.50147086587897,1.20501470865879,0.916361392691813,-0.008280367747859726,-0.008765213129036895
wine,SOM_12x12_RECT_toroid,12x12,RECT_toroid,44,0.9997075018867458,20.62515550371171,1.206251555037117,0.9284793830276542,-0.0022964240656005493,-0.0022964240656005493
wine,SOM_12x12_RECT_toroid,12x12,RECT_toroid,45,0.999612200704731,20.518143223834922,1.2051814322383494,0.9062222254497438,-0.0098382540888069,-0.010571590621869135
wine,SOM_12x12_RECT_toroid,12x12,RECT_toroid,46,0.9996122007047311,20.518143223834922,1.2051814322383494,0.9062222254497438,-0.0098382540888069,-0.010571590621869135
wine,SOM_12x12_RECT_toroid,12x12,RECT_toroid,47,0.9996700418266604,20.55582862229398,1.2055582862229397,1.0,-0.0006854001547944548,-0.0006854001547944548
wine,SOM_12x12_RECT_toroid,12x12,RECT_toroid,48,0.9996363781287545,20.572730034586996,1.20572730034587,0.8691023724756521,-0.0038963327238405515,-0.0049664188319815715
wine,SOM_12x12_RECT_toroid,12x12,RECT_toroid,49,0.9995305136342657,20.485693536973066,1.2048569353697305,1.0,-0.0056696362361879455,-0.0056696362361879455
wine,SOM_12x12_RECT_toroid,12x12,RECT_toroid,50,0.9996122007047309,20.518143223834922,1.2051814322383494,0.9525832793630723,-0.008388475061964407,-0.009754466223191339
wine,SOM_12x12_RECT_toroid,12x12,RECT_toroid,51,0.9996083124157445,20.501470865878964,1.2050147086587897,0.8931660795880078,-0.00796017336872717,-0.008765213129036895
wine,SOM_12x12_RECT_toroid,12x12,RECT_toroid,52,0.9994856541755027,20.447827862327873,1.204478278623279,0.9816583208032079,0.00027244983486928494,0.0023828005689876756
wine,SOM_12x12_RECT_toroid,12x12,RECT_toroid,53,0.9995995831756987,20.515489999715733,1.2051548999971573,0.9075215154275796,0.0005013030521917284,-0.0058675515948118815
wine,SOM_12x12_RECT_toroid,12x12,RECT_toroid,54,0.9995954406646442,20.540313488295112,1.205403134882951,0.9833992559520165,-0.004531076298078428,-0.004531076298078428
wine,SOM_12x12_RECT_toroid,12x12,RECT_toroid,55,0.9996083124157444,20.50147086587897,1.20501470865879,0.8094334933192868,-0.007127132668903726,-0.008765213129036895
wine,SOM_12x12_RECT_toroid,12x12,RECT_toroid,56,0.9994108803437705,20.55443297128085,1.2055443297128086,0.9330273755724816,-0.0015571169236028497,-0.0007837172917627926
wine,SOM_12x12_RECT_toroid,12x12,RECT_toroid,57,0.9995305136342656,20.48569353697307,1.2048569353697305,1.0,-0.0056696362361879455,-0.0056696362361879455
wine,SOM_12x12_RECT_toroid,12x12,RECT_toroid,58,0.9994856541755024,20.447827862327866,1.2044782786232788,0.9816583208032079,0.00027244983486928494,0.0023828005689876756
wine,SOM_12x12_RECT_toroid,12x12,RECT_toroid,59,0.9995954406646443,20.540313488295112,1.205403134882951,0.9833992559520165,-0.004531076298078428,-0.004531076298078428
wine,SOM_12x12_RECT_toroid,12x12,RECT_toroid,60,0.9995305136342654,20.48569353697307,1.2048569353697305,1.0,-0.0056696362361879455,-0.0056696362361879455
wine,SOM_12x12_RECT_toroid,12x12,RECT_toroid,61,0.9996083124157442,20.50147086587897,1.20501470865879,0.8931660795880078,-0.00796017336872717,-0.008765213129036895
wine,SOM_12x12_RECT_toroid,12x12,RECT_toroid,62,0.9997075018867461,20.62515550371171,1.206251555037117,0.9284793830276542,-0.0022964240656005493,-0.0022964240656005493
wine,SOM_12x12_RECT_toroid,12x12,RECT_toroid,63,0.9996083124157444,20.501470865878968,1.20501470865879,0.9228400108653201,-0.00900149011367433,-0.008765213129036895
wine,SOM_12x12_RECT_toroid,12x12,RECT_toroid,64,0.9995305136342655,20.485693536973066,1.2048569353697305,1.0,-0.0056696362361879455,-0.0056696362361879455
wine,SOM_12x12_RECT_toroid,12x12,RECT_toroid,65,0.9997506641749521,20.659518397243172,1.206595183972432,0.8804014927943246,-0.007299595608340214,-0.007430661307576568
wine,SOM_12x12_RECT_toroid,12x12,RECT_toroid,66,0.9997506641749522,20.659518397243172,1.206595183972432,0.975362506285899,-0.007299595608340214,-0.005752016239946133
wine,SOM_12x12_RECT_toroid,12x12,RECT_toroid,67,0.9994856541755025,20.447827862327866,1.2044782786232788,0.9816583208032079,0.00027244983486928494,0.0023828005689876756
wine,SOM_12x12_RECT_toroid,12x12,RECT_toroid,68,0.9996122007047312,20.51814322383492,1.2051814322383492,0.9758485479856773,-0.0098382540888069,-0.0098382540888069
wine,SOM_12x12_RECT_toroid,12x12,RECT_toroid,69,0.9995305136342658,20.485693536973066,1.2048569353697305,0.979876083161989,-0.0056696362361879455,-0.0056696362361879455
wine,SOM_12x12_RECT_toroid,12x12,RECT_toroid,70,0.9997093157673255,20.526549224384233,1.2052654922438424,0.980183662291139,-0.00886640727262901,-0.008650116291436976
wine,SOM_12x12_RECT_toroid,12x12,RECT_toroid,71,0.9995954406646442,20.540313488295116,1.205403134882951,0.9833992559520165,-0.004531076298078428,-0.004531076298078428
wine,SOM_15x15_RECT_planar,15x15,RECT_planar,42,0.9969098832026296,19.17339478583693,1.1917339478583695,0.9500743428282892,0.011865516350836306,0.011865516350836306
wine,SOM_15x15_RECT_planar,15x15,RECT_planar,43,0.9969098832026297,19.173394785836933,1.191733947858369,0.934819179258591,0.011865516350836306,0.011865516350836306
wine,SOM_15x15_RECT_planar,15x15,RECT_planar,44,0.9967892361682107,19.265645317454062,1.1926564531745403,0.944687334801355,-0.007420369623807991,-0.00470356124419044
wine,SOM_15x15_RECT_planar,15x15,RECT_planar,45,0.9967892361682107,19.265645317454066,1.1926564531745405,0.944687334801355,-0.007420369623807991,-0.00470356124419044
wine,SOM_15x15_RECT_planar,15x15,RECT_planar,46,0.9969098832026299,19.173394785836937,1.1917339478583695,0.934819179258591,0.011865516350836306,0.011865516350836306
wine,SOM_15x15_RECT_planar,15x15,RECT_planar,47,0.9969098832026297,19.173394785836937,1.1917339478583695,0.934819179258591,0.011865516350836306,0.011865516350836306
wine,SOM_15x15_RECT_planar,15x15,RECT_planar,48,0.9969098832026297,19.173394785836937,1.1917339478583695,0.934819179258591,0.011865516350836306,0.011865516350836306
wine,SOM_15x15_RECT_planar,15x15,RECT_planar,49,0.99690988320263,19.17339478583693,1.1917339478583695,0.934819179258591,0.011865516350836306,0.011865516350836306
wine,SOM_15x15_RECT_planar,15x15,RECT_planar,50,0.9967892361682107,19.265645317454066,1.1926564531745405,0.944687334801355,-0.007420369623807991,-0.00470356124419044
wine,SOM_15x15_RECT_planar,15x15,RECT_planar,51,0.9969098832026296,19.17339478583693,1.1917339478583695,0.934819179258591,0.011865516350836306,0.011865516350836306
wine,SOM_15x15_RECT_planar,15x15,RECT_planar,52,0.9969098832026297,19.173394785836937,1.1917339478583695,0.9500743428282892,0.011865516350836306,0.011865516350836306
wine,SOM_15x15_RECT_planar,15x15,RECT_planar,53,0.9967892361682107,19.265645317454062,1.1926564531745405,0.944687334801355,-0.007420369623807991,-0.00470356124419044
wine,SOM_15x15_RECT_planar,15x15,RECT_planar,54,0.9969098832026297,19.173394785836933,1.1917339478583695,0.934819179258591,0.011865516350836306,0.011865516350836306
wine,SOM_15x15_RECT_planar,15x15,RECT_planar,55,0.9969098832026299,19.173394785836937,1.1917339478583695,0.9500743428282892,0.011865516350836306,0.011865516350836306
wine,SOM_15x15_RECT_planar,15x15,RECT_planar,56,0.9967892361682107,19.265645317454062,1.1926564531745403,0.944687334801355,-0.007420369623807991,-0.00470356124419044
wine,SOM_15x15_RECT_planar,15x15,RECT_planar,57,0.9967892361682107,19.265645317454066,1.1926564531745412,0.944687334801355,-0.007420369623807991,-0.00470356124419044
wine,SOM_15x15_RECT_planar,15x15,RECT_planar,58,0.9967892361682107,19.265645317454062,1.1926564531745405,0.944687334801355,-0.007420369623807991,-0.00470356124419044
wine,SOM_15x15_RECT_planar,15x15,RECT_planar,59,0.9969098832026297,19.173394785836937,1.1917339478583695,0.934819179258591,0.011865516350836306,0.011865516350836306
wine,SOM_15x15_RECT_planar,15x15,RECT_planar,60,0.9969098832026297,19.173394785836937,1.1917339478583695,0.9500743428282892,0.011865516350836306,0.011865516350836306
wine,SOM_15x15_RECT_planar,15x15,RECT_planar,61,0.9969098832026297,19.173394785836937,1.1917339478583695,0.934819179258591,0.011865516350836306,0.011865516350836306
wine,SOM_15x15_RECT_planar,15x15,RECT_planar,62,0.9969098832026297,19.173394785836937,1.1917339478583695,0.9500743428282892,0.011865516350836306,0.011865516350836306
wine,SOM_15x15_RECT_planar,15x15,RECT_planar,63,0.9969098832026297,19.173394785836933,1.1917339478583695,0.9500743428282892,0.011865516350836306,0.011865516350836306
wine,SOM_15x15_RECT_planar,15x15,RECT_planar,64,0.9969098832026297,19.173394785836937,1.1917339478583695,0.934819179258591,0.011865516350836306,0.011865516350836306
wine,SOM_15x15_RECT_planar,15x15,RECT_planar,65,0.99690988320263,19.17339478583693,1.1917339478583695,0.934819179258591,0.011865516350836306,0.011865516350836306
wine,SOM_15x15_RECT_planar,15x15,RECT_planar,66,0.9967892361682107,19.265645317454066,1.1926564531745412,0.944687334801355,-0.007420369623807991,-0.00470356124419044
wine,SOM_15x15_RECT_planar,15x15,RECT_planar,67,0.9967892361682107,19.265645317454066,1.1926564531745412,0.944687334801355,-0.007420369623807991,-0.00470356124419044
wine,SOM_15x15_RECT_planar,15x15,RECT_planar,68,0.9969098832026297,19.173394785836937,1.1917339478583695,0.9500743428282892,0.011865516350836306,0.011865516350836306
wine,SOM_15x15_RECT_planar,15x15,RECT_planar,69,0.9967892361682107,19.265645317454062,1.1926564531745403,0.944687334801355,-0.007420369623807991,-0.00470356124419044
wine,SOM_15x15_RECT_planar,15x15,RECT_planar,70,0.99690988320263,19.17339478583693,1.1917339478583695,0.934819179258591,0.011865516350836306,0.011865516350836306
wine,SOM_15x15_RECT_planar,15x15,RECT_planar,71,0.9969098832026297,19.173394785836933,1.191733947858369,0.9500743428282892,0.011865516350836306,0.011865516350836306
wine,SOM_15x15_RECT_toroid,15x15,RECT_toroid,42,0.9995647668650386,20.43843847555024,1.2043843847555025,0.9843662859441905,-0.00985982822098344,-0.011015481542714891
wine,SOM_15x15_RECT_toroid,15x15,RECT_toroid,43,0.9996521707228356,20.498936839587664,1.2049893683958768,0.9898791106544899,0.008027107117445795,0.0050849742177045
wine,SOM_15x15_RECT_toroid,15x15,RECT_toroid,44,0.9995647668650389,20.43843847555024,1.2043843847555025,0.9843662859441905,-0.00985982822098344,-0.011015481542714891
wine,SOM_15x15_RECT_toroid,15x15,RECT_toroid,45,0.9996604669374776,20.57439572653964,1.2057439572653967,0.9685935676555494,-0.0005825196183827139,0.003128332781717016
wine,SOM_15x15_RECT_toroid,15x15,RECT_toroid,46,0.9995647668650385,20.43843847555024,1.2043843847555025,0.9843662859441905,-0.00985982822098344,-0.011015481542714891
wine,SOM_15x15_RECT_toroid,15x15,RECT_toroid,47,0.9995936406917728,20.47333587878275,1.2047333587878275,0.929788235112551,-0.007146489687868442,-0.008685310627607145
wine,SOM_15x15_RECT_toroid,15x15,RECT_toroid,48,0.9995647668650387,20.43843847555024,1.2043843847555025,0.9535702955282139,-0.00985982822098344,-0.011015481542714891
wine,SOM_15x15_RECT_toroid,15x15,RECT_toroid,49,0.9995936406917729,20.473335878782756,1.204733358787827,0.9605617578885497,-0.007146489687868442,-0.009231938777275116
wine,SOM_15x15_RECT_toroid,15x15,RECT_toroid,50,0.999593640691773,20.47333587878275,1.2047333587878275,0.9605617578885497,-0.007146489687868442,-0.009231938777275116
wine,SOM_15x15_RECT_toroid,15x15,RECT_toroid,51,0.9995647668650385,20.43843847555024,1.2043843847555025,0.9843662859441905,-0.00985982822098344,-0.011015481542714891
wine,SOM_15x15_RECT_toroid,15x15,RECT_toroid,52,0.9995647668650386,20.43843847555024,1.2043843847555027,0.9843662859441905,-0.00985982822098344,-0.011015481542714891
wine,SOM_15x15_RECT_toroid,15x15,RECT_toroid,53,0.9995647668650386,20.43843847555024,1.2043843847555027,0.9843662859441905,-0.00985982822098344,-0.011015481542714891
wine,SOM_15x15_RECT_toroid,15x15,RECT_toroid,54,0.9995647668650386,20.43843847555024,1.2043843847555025,0.9843662859441905,-0.00985982822098344,-0.011015481542714891
wine,SOM_15x15_RECT_toroid,15x15,RECT_toroid,55,0.9997033364905675,20.545786136648047,1.2054578613664804,0.9744336736447698,0.019515043366130476,0.019515043366130476
wine,SOM_15x15_RECT_toroid,15x15,RECT_toroid,56,0.9995647668650387,20.43843847555024,1.2043843847555025,0.9843662859441905,-0.00985982822098344,-0.011015481542714891
wine,SOM_15x15_RECT_toroid,15x15,RECT_toroid,57,0.9995647668650387,20.43843847555024,1.2043843847555022,0.9843662859441905,-0.00985982822098344,-0.011015481542714891
wine,SOM_15x15_RECT_toroid,15x15,RECT_toroid,58,0.999564766865039,20.438438475550235,1.2043843847555025,0.9843662859441905,-0.00985982822098344,-0.011015481542714891
wine,SOM_15x15_RECT_toroid,15x15,RECT_toroid,59,0.9995647668650386,20.43843847555024,1.2043843847555025,0.9843662859441905,-0.00985982822098344,-0.011015481542714891
wine,SOM_15x15_RECT_toroid,15x15,RECT_toroid,60,0.9995936406917728,20.473335878782756,1.2047333587878275,0.9605617578885497,-0.007146489687868442,-0.009231938777275116
wine,SOM_15x15_RECT_toroid,15x15,RECT_toroid,61,0.9995647668650386,20.43843847555024,1.2043843847555022,0.9843662859441905,-0.00985982822098344,-0.011015481542714891
wine,SOM_15x15_RECT_toroid,15x15,RECT_toroid,62,0.9995936406917727,20.47333587878275,1.2047333587878275,0.929788235112551,-0.007146489687868442,-0.008685310627607145
wine,SOM_15x15_RECT_toroid,15x15,RECT_toroid,63,0.9995647668650387,20.43843847555024,1.2043843847555022,0.9384124309347506,-0.00985982822098344,-0.011015481542714891
wine,SOM_15x15_RECT_toroid,15x15,RECT_toroid,64,0.9996521707228359,20.498936839587664,1.2049893683958768,0.9898791106544899,0.008027107117445795,0.0050849742177045
wine,SOM_15x15_RECT_toroid,15x15,RECT_toroid,65,0.9995647668650386,20.43843847555024,1.2043843847555025,0.9843662859441905,-0.00985982822098344,-0.011015481542714891
wine,SOM_15x15_RECT_toroid,15x15,RECT_toroid,66,0.9995647668650387,20.43843847555024,1.2043843847555025,0.9843662859441905,-0.00985982822098344,-0.011015481542714891
wine,SOM_15x15_RECT_toroid,15x15,RECT_toroid,67,0.9995647668650386,20.438438475550235,1.2043843847555025,0.9843662859441905,-0.00985982822098344,-0.011015481542714891
wine,SOM_15x15_RECT_toroid,15x15,RECT_toroid,68,0.9995647668650386,20.43843847555024,1.2043843847555025,0.9843662859441905,-0.00985982822098344,-0.011015481542714891
wine,SOM_15x15_RECT_toroid,15x15,RECT_toroid,69,0.9995647668650387,20.438438475550235,1.2043843847555025,0.9843662859441905,-0.00985982822098344,-0.011015481542714891
wine,SOM_15x15_RECT_toroid,15x15,RECT_toroid,70,0.9997033364905673,20.545786136648047,1.2054578613664804,0.984056479890177,0.019515043366130476,0.019515043366130476
wine,SOM_15x15_RECT_toroid,15x15,RECT_toroid,71,0.9995647668650386,20.43843847555024,1.2043843847555025,0.9843662859441905,-0.00985982822098344,-0.011015481542714891
wine,SOM_20x20_RECT_planar,20x20,RECT_planar,42,0.9975720973369391,19.503281453282252,1.1950328145328226,0.9452977000224293,0.032258637640435434,0.02946551128734789
wine,SOM_20x20_RECT_planar,20x20,RECT_planar,43,0.9975720973369391,19.503281453282252,1.1950328145328226,0.9452977000224293,0.032258637640435434,0.02946551128734789
wine,SOM_20x20_RECT_planar,20x20,RECT_planar,44,0.9975720973369391,19.503281453282263,1.1950328145328228,0.9452977000224293,0.032258637640435434,0.02946551128734789
wine,SOM_20x20_RECT_planar,20x20,RECT_planar,45,0.9975720973369392,19.503281453282256,1.1950328145328228,0.9452977000224293,0.032258637640435434,0.02946551128734789
wine,SOM_20x20_RECT_planar,20x20,RECT_planar,46,0.9975720973369392,19.503281453282256,1.1950328145328228,0.9452977000224293,0.032258637640435434,0.02946551128734789
wine,SOM_20x20_RECT_planar,20x20,RECT_planar,47,0.997572097336939,19.503281453282252,1.1950328145328226,0.9452977000224293,0.032258637640435434,0.02946551128734789
wine,SOM_20x20_RECT_planar,20x20,RECT_planar,48,0.9975720973369392,19.50328145328226,1.1950328145328226,0.9452977000224293,0.032258637640435434,0.02946551128734789
wine,SOM_20x20_RECT_planar,20x20,RECT_planar,49,0.9974388154506512,19.47428568363316,1.1947428568363314,0.7821171408948688,0.03560346776368311,0.011637295061495963
wine,SOM_20x20_RECT_planar,20x20,RECT_planar,50,0.9975720973369391,19.503281453282263,1.1950328145328228,0.9452977000224293,0.032258637640435434,0.02946551128734789
wine,SOM_20x20_RECT_planar,20x20,RECT_planar,51,0.9975720973369392,19.50328145328226,1.1950328145328226,0.9452977000224293,0.032258637640435434,0.02946551128734789
wine,SOM_20x20_RECT_planar,20x20,RECT_planar,52,0.997572097336939,19.503281453282256,1.1950328145328224,0.9452977000224293,0.032258637640435434,0.02946551128734789
wine,SOM_20x20_RECT_planar,20x20,RECT_planar,53,0.9975720973369391,19.503281453282252,1.1950328145328226,0.9452977000224293,0.032258637640435434,0.02946551128734789
wine,SOM_20x20_RECT_planar,20x20,RECT_planar,54,0.9974388154506513,19.47428568363316,1.1947428568363314,0.7744036912900123,0.03560346776368311,0.008809849330978595
wine,SOM_20x20_RECT_planar,20x20,RECT_planar,55,0.9975720973369392,19.503281453282256,1.1950328145328228,0.9452977000224293,0.032258637640435434,0.02946551128734789
wine,SOM_20x20_RECT_planar,20x20,RECT_planar,56,0.997572097336939,19.503281453282256,1.1950328145328224,0.9452977000224293,0.032258637640435434,0.02946551128734789
wine,SOM_20x20_RECT_planar,20x20,RECT_planar,57,0.9975720973369391,19.503281453282252,1.1950328145328226,0.9452977000224293,0.032258637640435434,0.02946551128734789
wine,SOM_20x20_RECT_planar,20x20,RECT_planar,58,0.997572097336939,19.503281453282256,1.1950328145328224,0.9452977000224293,0.032258637640435434,0.02946551128734789
wine,SOM_20x20_RECT_planar,20x20,RECT_planar,59,0.9975720973369392,19.503281453282256,1.1950328145328228,0.9452977000224293,0.032258637640435434,0.02946551128734789
wine,SOM_20x20_RECT_planar,20x20,RECT_planar,60,0.9974388154506513,19.47428568363316,1.1947428568363314,0.7744036912900123,0.03560346776368311,0.008809849330978595
wine,SOM_20x20_RECT_planar,20x20,RECT_planar,61,0.997572097336939,19.503281453282252,1.1950328145328226,0.9452977000224293,0.032258637640435434,0.02946551128734789
wine,SOM_20x20_RECT_planar,20x20,RECT_planar,62,0.9974388154506513,19.474285683633166,1.1947428568363319,0.7821171408948688,0.03560346776368311,0.011637295061495963
wine,SOM_20x20_RECT_planar,20x20,RECT_planar,63,0.9975720973369391,19.503281453282252,1.1950328145328226,0.9452977000224293,0.032258637640435434,0.02946551128734789
wine,SOM_20x20_RECT_planar,20x20,RECT_planar,64,0.9974388154506513,19.474285683633166,1.1947428568363319,0.7821171408948688,0.03560346776368311,0.011637295061495963
wine,SOM_20x20_RECT_planar,20x20,RECT_planar,65,0.9975720973369391,19.503281453282263,1.1950328145328228,0.9452977000224293,0.032258637640435434,0.02946551128734789
wine,SOM_20x20_RECT_planar,20x20,RECT_planar,66,0.997572097336939,19.503281453282252,1.1950328145328226,0.9452977000224293,0.032258637640435434,0.02946551128734789
wine,SOM_20x20_RECT_planar,20x20,RECT_planar,67,0.9975720973369391,19.503281453282263,1.1950328145328228,0.9452977000224293,0.032258637640435434,0.02946551128734789
wine,SOM_20x20_RECT_planar,20x20,RECT_planar,68,0.9974388154506514,19.47428568363316,1.1947428568363314,0.7821171408948688,0.03560346776368311,0.011637295061495963
wine,SOM_20x20_RECT_planar,20x20,RECT_planar,69,0.9975720973369391,19.503281453282263,1.1950328145328228,0.9452977000224293,0.032258637640435434,0.02946551128734789
wine,SOM_20x20_RECT_planar,20x20,RECT_planar,70,0.9975720973369392,19.50328145328226,1.1950328145328226,0.9452977000224293,0.032258637640435434,0.02946551128734789
wine,SOM_20x20_RECT_planar,20x20,RECT_planar,71,0.9975720973369392,19.50328145328226,1.1950328145328226,0.9452977000224293,0.032258637640435434,0.02946551128734789
wine,SOM_20x20_RECT_toroid,20x20,RECT_toroid,42,0.9995077855546166,20.435784583423136,1.2043578458342312,0.9250113739047615,0.015440973810670817,0.01822101510144878
wine,SOM_20x20_RECT_toroid,20x20,RECT_toroid,43,0.9994729478960995,20.48687004179065,1.2048687004179066,0.9822435807332205,0.005209729795736214,0.005209729795736214
wine,SOM_20x20_RECT_toroid,20x20,RECT_toroid,44,0.9994951459685717,20.460445006374655,1.2046044500637465,0.9726923491070075,0.03763084322747344,0.03256954788757285
wine,SOM_20x20_RECT_toroid,20x20,RECT_toroid,45,0.9995301670223453,20.424204407764908,1.2042420440776491,0.9325690800354955,0.04769275782374249,0.047856337379300805
wine,SOM_20x20_RECT_toroid,20x20,RECT_toroid,46,0.9995101844151337,20.493525224742907,1.2049352522474293,0.9866552790239178,0.010739742161348157,0.010739742161348157
wine,SOM_20x20_RECT_toroid,20x20,RECT_toroid,47,0.9994953149676149,20.43347882286074,1.2043347882286075,0.9764483238177638,0.03746977531198738,0.03746977531198738
wine,SOM_20x20_RECT_toroid,20x20,RECT_toroid,48,0.9995017325611439,20.446996686803363,1.2044699668680334,0.9684121256903535,0.03969729796167653,0.03969729796167653
wine,SOM_20x20_RECT_toroid,20x20,RECT_toroid,49,0.9995474046328694,20.449960103735865,1.2044996010373588,0.9819577100165102,0.040884105440024646,0.040884105440024646
wine,SOM_20x20_RECT_toroid,20x20,RECT_toroid,50,0.999501732561144,20.446996686803363,1.2044699668680336,0.9684121256903535,0.03969729796167653,0.03969729796167653
wine,SOM_20x20_RECT_toroid,20x20,RECT_toroid,51,0.999574261125106,20.43463792236649,1.204346379223665,0.9647916508032558,0.024862906532194386,0.02699551585810355
wine,SOM_20x20_RECT_toroid,20x20,RECT_toroid,52,0.999521664763377,20.499746283354973,1.2049974628335498,0.9418590654629049,0.029589925434409806,0.009014574829230439
wine,SOM_20x20_RECT_toroid,20x20,RECT_toroid,53,0.9994951459685717,20.460445006374652,1.2046044500637463,0.9637239656636677,0.03763084322747344,0.03256954788757285
wine,SOM_20x20_RECT_toroid,20x20,RECT_toroid,54,0.9995584106960391,20.497775080663896,1.2049777508066388,0.9579195324471952,0.010910552038843778,0.005623787529909001
wine,SOM_20x20_RECT_toroid,20x20,RECT_toroid,55,0.9992470363643609,20.421357093593297,1.2042135709359332,0.917130241242097,-0.0012948290175304362,-0.0030654391428941653
wine,SOM_20x20_RECT_toroid,20x20,RECT_toroid,56,0.9996140077218496,20.49751098649082,1.2049751098649084,0.964752654888233,0.017195419428454664,0.01819607038326127
wine,SOM_20x20_RECT_toroid,20x20,RECT_toroid,57,0.9994951459685716,20.460445006374655,1.2046044500637465,0.9637239656636677,0.03763084322747344,0.03256954788757285
wine,SOM_20x20_RECT_toroid,20x20,RECT_toroid,58,0.999510874412157,20.398695985776172,1.2039869598577617,0.9437586580188114,0.012333063895722966,0.01594520189395068
wine,SOM_20x20_RECT_toroid,20x20,RECT_toroid,59,0.9995542889106066,20.475439874823458,1.2047543987482343,0.9537775766677922,0.03489027402587914,0.023333432014309183
wine,SOM_20x20_RECT_toroid,20x20,RECT_toroid,60,0.9995108744121571,20.398695985776172,1.2039869598577617,0.9437586580188114,0.012333063895722966,0.01594520189395068
wine,SOM_20x20_RECT_toroid,20x20,RECT_toroid,61,0.9995474046328695,20.44996010373587,1.204499601037359,0.9819577100165102,0.040884105440024646,0.040884105440024646
wine,SOM_20x20_RECT_toroid,20x20,RECT_toroid,62,0.9995017325611439,20.446996686803363,1.2044699668680334,0.9684121256903535,0.03969729796167653,0.03969729796167653
wine,SOM_20x20_RECT_toroid,20x20,RECT_toroid,63,0.9995101844151337,20.493525224742907,1.204935252247429,0.9866552790239178,0.010739742161348157,0.010739742161348157
wine,SOM_20x20_RECT_toroid,20x20,RECT_toroid,64,0.9995443658823986,20.474134414833298,1.204741344148333,0.9568202977744794,0.017282424018424513,0.014143357822992005
wine,SOM_20x20_RECT_toroid,20x20,RECT_toroid,65,0.9994358563453634,20.483018392924844,1.2048301839292483,0.9679550459842057,-0.001769046666179827,-0.0047262607711275354
wine,SOM_20x20_RECT_toroid,20x20,RECT_toroid,66,0.9994458586391837,20.445588161112077,1.2044558816111208,0.9816573546710832,0.02688318325879127,0.02515714109900767
wine,SOM_20x20_RECT_toroid,20x20,RECT_toroid,67,0.9996140077218496,20.497510986490816,1.2049751098649082,0.964752654888233,0.017195419428454664,0.01819607038326127
wine,SOM_20x20_RECT_toroid,20x20,RECT_toroid,68,0.9994887842221171,20.53107899688765,1.2053107899688764,0.916664217881073,0.0365294125134917,0.04585843137396334
wine,SOM_20x20_RECT_toroid,20x20,RECT_toroid,69,0.9993605500344822,20.459973719359976,1.2045997371936,0.8998537645680768,0.007553226093899928,0.0025791370340186204
wine,SOM_20x20_RECT_toroid,20x20,RECT_toroid,70,0.9994887842221174,20.531078996887654,1.2053107899688766,0.9351077173399108,0.0365294125134917,0.04585843137396334
wine,SOM_20x20_RECT_toroid,20x20,RECT_toroid,71,0.999495083184756,20.54243795115924,1.2054243795115922,0.8936710790827751,0.028387961376054045,0.02463479397022195
digits,SOM_5x5_RECT_planar,5x5,RECT_planar,42,0.8912279762332931,16.90903540302879,1.1690903540302877,0.20033670033670034,0.28804348435145233,0.3646477587553355
digits,SOM_5x5_RECT_planar,5x5,RECT_planar,43,0.8910302559776425,16.909674554517114,1.1690967455451708,0.1454150841020076,0.2871151365269227,0.37958355939481014
digits,SOM_5x5_RECT_planar,5x5,RECT_planar,44,0.9470479639244225,16.979637225248254,1.1697963722524827,0.2268041237113402,0.3428939587714603,0.37599210161909385
digits,SOM_5x5_RECT_planar,5x5,RECT_planar,45,0.8910302559776426,16.909674554517114,1.169096745545171,0.24399069527009562,0.2871151365269227,0.34129340850772155
digits,SOM_5x5_RECT_planar,5x5,RECT_planar,46,0.9467616630674922,16.979824143649147,1.1697982414364914,0.2268041237113402,0.34275137811411976,0.375611296945085
digits,SOM_5x5_RECT_planar,5x5,RECT_planar,47,0.8935023339922425,16.91089533791858,1.1691089533791856,0.17934347477982385,0.290002424358208,0.33327263541364793
digits,SOM_5x5_RECT_planar,5x5,RECT_planar,48,0.8912279762332924,16.909035403028792,1.1690903540302877,0.20033670033670034,0.28804348435145233,0.3646477587553355
digits,SOM_5x5_RECT_planar,5x5,RECT_planar,49,0.9467616630674922,16.979824143649147,1.1697982414364914,0.2268041237113402,0.34275137811411976,0.375611296945085
digits,SOM_5x5_RECT_planar,5x5,RECT_planar,50,0.8912279762332926,16.909035403028792,1.1690903540302877,0.20033670033670034,0.28804348435145233,0.3646477587553355
digits,SOM_5x5_RECT_planar,5x5,RECT_planar,51,0.893502333992243,16.910895337918586,1.1691089533791859,0.1454150841020076,0.290002424358208,0.37915880206597535
digits,SOM_5x5_RECT_planar,5x5,RECT_planar,52,0.9467616630674922,16.979824143649147,1.1697982414364914,0.2268041237113402,0.34275137811411976,0.375611296945085
digits,SOM_5x5_RECT_planar,5x5,RECT_planar,53,0.8909552776498137,16.907507307550578,1.1690750730755057,0.11764705882352941,0.28579182585765883,0.34601815618508974
digits,SOM_5x5_RECT_planar,5x5,RECT_planar,54,0.8912279762332926,16.909035403028792,1.1690903540302877,0.20033670033670034,0.28804348435145233,0.3646477587553355
digits,SOM_5x5_RECT_planar,5x5,RECT_planar,55,0.9467616630674922,16.979824143649147,1.1697982414364914,0.2268041237113402,0.34275137811411976,0.375611296945085
digits,SOM_5x5_RECT_planar,5x5,RECT_planar,56,0.9609099439021581,17.074706398430493,1.170747063984305,0.26153846153846155,0.4554802618716693,0.41708538636603687
digits,SOM_5x5_RECT_planar,5x5,RECT_planar,57,0.966853202332313,17.012573204654526,1.1701257320465452,0.24457644628099173,0.4101803287901323,0.3373776187757419
digits,SOM_5x5_RECT_planar,5x5,RECT_planar,58,0.9616362599005278,17.07050868284796,1.1707050868284796,0.26153846153846155,0.45876302888531945,0.41935572610365474
digits,SOM_5x5_RECT_planar,5x5,RECT_planar,59,0.9721125580604815,17.096991404480328,1.1709699140448033,0.2963831625725219,0.34665516204868724,0.3430674576335903
digits,SOM_5x5_RECT_planar,5x5,RECT_planar,60,0.9616362599005277,17.07050868284796,1.1707050868284796,0.26153846153846155,0.45876302888531945,0.41935572610365474
digits,SOM_5x5_RECT_planar,5x5,RECT_planar,61,0.8922678640879804,16.90793261173466,1.1690793261173467,0.21937550040032025,0.28742095725382916,0.3546957889676528
digits,SOM_5x5_RECT_planar,5x5,RECT_planar,62,0.8927166871145639,16.90738067487517,1.1690738067487518,0.13522012578616352,0.27523425592651135,0.3222536764045673
digits,SOM_5x5_RECT_planar,5x5,RECT_planar,63,0.9467616630674919,16.97982414364915,1.1697982414364914,0.2268041237113402,0.34275137811411976,0.375611296945085
digits,SOM_5x5_RECT_planar,5x5,RECT_planar,64,0.892716687114564,16.90738067487517,1.1690738067487514,0.13522012578616352,0.27523425592651135,0.3222536764045673
digits,SOM_5x5_RECT_planar,5x5,RECT_planar,65,0.9717558952556766,17.095487400209166,1.1709548740020919,0.2963831625725219,0.3462592283263493,0.34219093203721185
digits,SOM_5x5_RECT_planar,5x5,RECT_planar,66,0.9609099439021579,17.074706398430497,1.1707470639843052,0.26153846153846155,0.4554802618716693,0.41708538636603687
digits,SOM_5x5_RECT_planar,5x5,RECT_planar,67,0.8910302559776426,16.909674554517114,1.169096745545171,0.18610960390667391,0.2871151365269227,0.3623337703183383
digits,SOM_5x5_RECT_planar,5x5,RECT_planar,68,0.8912279762332924,16.909035403028792,1.1690903540302877,0.20033670033670034,0.28804348435145233,0.3646477587553355
digits,SOM_5x5_RECT_planar,5x5,RECT_planar,69,0.8922678640879808,16.907932611734662,1.1690793261173467,0.20522098733522876,0.28742095725382916,0.3512584234563381
digits,SOM_5x5_RECT_planar,5x5,RECT_planar,70,0.9467616630674919,16.97982414364915,1.1697982414364914,0.2268041237113402,0.34275137811411976,0.375611296945085
digits,SOM_5x5_RECT_planar,5x5,RECT_planar,71,0.8922678640879803,16.90793261173466,1.1690793261173467,0.20522098733522876,0.28742095725382916,0.35327980820851235
digits,SOM_5x5_RECT_toroid,5x5,RECT_toroid,42,0.9809875569303391,20.395031846111088,1.2039503184611107,0.35020982807635037,0.3197742992631945,0.3105075167143824
digits,SOM_5x5_RECT_toroid,5x5,RECT_toroid,43,0.9799098598972459,20.358050039363395,1.203580500393634,0.35275080906148865,0.28213827686775655,0.2986387339270184
digits,SOM_5x5_RECT_toroid,5x5,RECT_toroid,44,0.9744397887141744,20.375011104175,1.2037501110417501,0.3117229129662522,0.3330689091565212,0.31433449603188696
digits,SOM_5x5_RECT_toroid,5x5,RECT_toroid,45,0.9799098598972458,20.35805003936339,1.203580500393634,0.35275080906148865,0.28213827686775655,0.2986387339270184
digits,SOM_5x5_RECT_toroid,5x5,RECT_toroid,46,0.9804477745245439,20.352376827123198,1.2035237682712319,0.3356643356643357,0.27630898300128026,0.32655195460275743
digits,SOM_5x5_RECT_toroid,5x5,RECT_toroid,47,0.9799098598972458,20.358050039363395,1.203580500393634,0.35275080906148865,0.28213827686775655,0.2986387339270184
digits,SOM_5x5_RECT_toroid,5x5,RECT_toroid,48,0.9804477745245442,20.3523768271232,1.203523768271232,0.3356643356643357,0.27630898300128026,0.32655195460275743
digits,SOM_5x5_RECT_toroid,5x5,RECT_toroid,49,0.9804477745245441,20.35237682712319,1.203523768271232,0.3356643356643357,0.27630898300128026,0.32655195460275743
digits,SOM_5x5_RECT_toroid,5x5,RECT_toroid,50,0.984364726582848,20.434793831030163,1.2043479383103017,0.37216602720613884,0.35864916448591116,0.3206069042561495
digits,SOM_5x5_RECT_toroid,5x5,RECT_toroid,51,0.9804477745245439,20.352376827123194,1.2035237682712323,0.3356643356643357,0.27630898300128026,0.32655195460275743
digits,SOM_5x5_RECT_toroid,5x5,RECT_toroid,52,0.9744397887141738,20.375011104175005,1.2037501110417501,0.3117229129662522,0.3330689091565212,0.31433449603188696
digits,SOM_5x5_RECT_toroid,5x5,RECT_toroid,53,0.9744395613646033,20.374734595811255,1.2037473459581125,0.2512835139760411,0.3331495465537455,0.36093774779846616
digits,SOM_5x5_RECT_toroid,5x5,RECT_toroid,54,0.9744395613646033,20.374734595811255,1.2037473459581125,0.2512835139760411,0.3331495465537455,0.36093774779846616
digits,SOM_5x5_RECT_toroid,5x5,RECT_toroid,55,0.9744397887141745,20.375011104174998,1.2037501110417497,0.3117229129662522,0.3330689091565212,0.31433449603188696
digits,SOM_5x5_RECT_toroid,5x5,RECT_toroid,56,0.9744395613646029,20.374734595811262,1.2037473459581127,0.2512835139760411,0.3331495465537455,0.36093774779846616
digits,SOM_5x5_RECT_toroid,5x5,RECT_toroid,57,0.9809875569303398,20.395031846111085,1.2039503184611107,0.35020982807635037,0.3197742992631945,0.3105075167143824
digits,SOM_5x5_RECT_toroid,5x5,RECT_toroid,58,0.9809875569303399,20.395031846111088,1.2039503184611107,0.35020982807635037,0.3197742992631945,0.3105075167143824
digits,SOM_5x5_RECT_toroid,5x5,RECT_toroid,59,0.9744397887141745,20.375011104175005,1.20375011104175,0.3117229129662522,0.3330689091565212,0.31433449603188696
digits,SOM_5x5_RECT_toroid,5x5,RECT_toroid,60,0.9744395613646027,20.374734595811265,1.2037473459581127,0.2512835139760411,0.3331495465537455,0.36093774779846616
digits,SOM_5x5_RECT_toroid,5x5,RECT_toroid,61,0.9809875569303395,20.395031846111088,1.2039503184611107,0.35020982807635037,0.3197742992631945,0.3105075167143824
digits,SOM_5x5_RECT_toroid,5x5,RECT_toroid,62,0.9843647265828482,20.434793831030163,1.2043479383103017,0.2675270317404953,0.3627113392868835,0.3206069042561495
digits,SOM_5x5_RECT_toroid,5x5,RECT_toroid,63,0.9799098598972458,20.358050039363395,1.203580500393634,0.35275080906148865,0.28213827686775655,0.2986387339270184
digits,SOM_5x5_RECT_toroid,5x5,RECT_toroid,64,0.9845205326381374,20.436111202059813,1.2043611120205981,0.33044505710909805,0.36141717926828754,0.34045046269636176
digits,SOM_5x5_RECT_toroid,5x5,RECT_toroid,65,0.9799098598972458,20.358050039363395,1.203580500393634,0.35275080906148865,0.28213827686775655,0.2986387339270184
digits,SOM_5x5_RECT_toroid,5x5,RECT_toroid,66,0.9799098598972453,20.35805003936339,1.2035805003936337,0.35275080906148865,0.28213827686775655,0.2986387339270184
digits,SOM_5x5_RECT_toroid,5x5,RECT_toroid,67,0.9862937245501381,20.4185436830548,1.2041854368305478,0.44881889763779526,0.2956587657870482,0.33205670005807364
digits,SOM_5x5_RECT_toroid,5x5,RECT_toroid,68,0.9744397887141744,20.375011104174998,1.2037501110417497,0.23111714156490276,0.33663334623378327,0.31433449603188696
digits,SOM_5x5_RECT_toroid,5x5,RECT_toroid,69,0.9804477745245439,20.3523768271232,1.203523768271232,0.3356643356643357,0.27630898300128026,0.32655195460275743
digits,SOM_5x5_RECT_toroid,5x5,RECT_toroid,70,0.9799098598972458,20.358050039363395,1.203580500393634,0.35275080906148865,0.28213827686775655,0.2986387339270184
digits,SOM_5x5_RECT_toroid,5x5,RECT_toroid,71,0.9804477745245436,20.3523768271232,1.203523768271232,0.3356643356643357,0.27630898300128026,0.32655195460275743
digits,SOM_7x7_RECT_planar,7x7,RECT_planar,42,0.9821784125473932,18.010633924128637,1.1801063392412863,0.3081804240917984,0.1964735747339071,0.20625294222438034
digits,SOM_7x7_RECT_planar,7x7,RECT_planar,43,0.9791505310278943,17.820204546268055,1.1782020454626807,0.4408989467914334,0.18373555427061616,0.26250388459479657
digits,SOM_7x7_RECT_planar,7x7,RECT_planar,44,0.9817915151572737,18.005908385372337,1.1800590838537235,0.46532955755890987,0.17722591762671386,0.2122169472444728
digits,SOM_7x7_RECT_planar,7x7,RECT_planar,45,0.978934641402869,17.8950735635418,1.178950735635418,0.37268401624478126,0.19146339323039815,0.19717660515208923
digits,SOM_7x7_RECT_planar,7x7,RECT_planar,46,0.9789346414028689,17.895073563541796,1.178950735635418,0.37268401624478126,0.19146339323039815,0.19717660515208923
digits,SOM_7x7_RECT_planar,7x7,RECT_planar,47,0.9759334488367714,17.778838049729547,1.1777883804972955,0.31799498066879195,0.2004342507077265,0.22584851025651945
digits,SOM_7x7_RECT_planar,7x7,RECT_planar,48,0.9756298978384468,17.952138006429976,1.1795213800642994,0.3081386370154654,0.18858603485946443,0.19377460156159787
digits,SOM_7x7_RECT_planar,7x7,RECT_planar,49,0.9789346414028688,17.8950735635418,1.1789507356354179,0.37268401624478126,0.19146339323039815,0.19717660515208923
digits,SOM_7x7_RECT_planar,7x7,RECT_planar,50,0.9755313847088115,17.95242413607936,1.1795242413607934,0.3659826086956522,0.1945083343462724,0.18918675341498054
digits,SOM_7x7_RECT_planar,7x7,RECT_planar,51,0.9794728289760823,17.895787294492692,1.178957872944927,0.40760425183973836,0.15797923369755792,0.20781153387321055
digits,SOM_7x7_RECT_planar,7x7,RECT_planar,52,0.9791505310278943,17.820204546268055,1.1782020454626807,0.41560097893902315,0.17792272663029426,0.2597553295464533
digits,SOM_7x7_RECT_planar,7x7,RECT_planar,53,0.978934641402869,17.8950735635418,1.178950735635418,0.37268401624478126,0.19146339323039815,0.19717660515208923
digits,SOM_7x7_RECT_planar,7x7,RECT_planar,54,0.978934641402869,17.8950735635418,1.178950735635418,0.37268401624478126,0.19146339323039815,0.19717660515208923
digits,SOM_7x7_RECT_planar,7x7,RECT_planar,55,0.9789346414028689,17.8950735635418,1.1789507356354183,0.37268401624478126,0.19146339323039815,0.19717660515208923
digits,SOM_7x7_RECT_planar,7x7,RECT_planar,56,0.9755313847088116,17.952424136079365,1.1795242413607936,0.3659826086956522,0.1945083343462724,0.1891755976025231
digits,SOM_7x7_RECT_planar,7x7,RECT_planar,57,0.9791505310278944,17.820204546268048,1.1782020454626805,0.4379459067273973,0.17792272663029426,0.26250388459479657
digits,SOM_7x7_RECT_planar,7x7,RECT_planar,58,0.9741098889706259,17.92678546253098,1.1792678546253097,0.3333154427254552,0.15615090322455477,0.1562366819045766
digits,SOM_7x7_RECT_planar,7x7,RECT_planar,59,0.9741098889706259,17.926785462530987,1.17926785462531,0.3333154427254552,0.15615090322455477,0.1562366819045766
digits,SOM_7x7_RECT_planar,7x7,RECT_planar,60,0.9791505310278943,17.820204546268055,1.178202045462681,0.4379459067273973,0.17792272663029426,0.26250388459479657
digits,SOM_7x7_RECT_planar,7x7,RECT_planar,61,0.9816352470799815,17.845822752716163,1.1784582275271618,0.45264333741487833,0.22137734353906702,0.19354377822215799
digits,SOM_7x7_RECT_planar,7x7,RECT_planar,62,0.9836825807456582,17.809726999994606,1.178097269999946,0.4362928959301349,0.214589492562276,0.26250685128354645
digits,SOM_7x7_RECT_planar,7x7,RECT_planar,63,0.9754537807152198,17.94817559243265,1.1794817559243267,0.3133613978432616,0.18043837427915163,0.19924221684918267
digits,SOM_7x7_RECT_planar,7x7,RECT_planar,64,0.9754537807152198,17.94817559243265,1.1794817559243267,0.30291708578818793,0.18043837427915163,0.1914186430746707
digits,SOM_7x7_RECT_planar,7x7,RECT_planar,65,0.9741098889706258,17.92678546253098,1.17926785462531,0.3333154427254552,0.15615090322455477,0.1562366819045766
digits,SOM_7x7_RECT_planar,7x7,RECT_planar,66,0.9791505310278943,17.820204546268048,1.178202045462681,0.42265679335597106,0.21959708547342888,0.26250388459479657
digits,SOM_7x7_RECT_planar,7x7,RECT_planar,67,0.9741098889706263,17.926785462530987,1.17926785462531,0.3333154427254552,0.15615090322455477,0.1562366819045766
digits,SOM_7x7_RECT_planar,7x7,RECT_planar,68,0.9741098889706259,17.926785462530987,1.17926785462531,0.3333154427254552,0.15615090322455477,0.1562366819045766
digits,SOM_7x7_RECT_planar,7x7,RECT_planar,69,0.9741098889706263,17.926785462530983,1.17926785462531,0.32335102350265355,0.15615090322455477,0.1561682984845699
digits,SOM_7x7_RECT_planar,7x7,RECT_planar,70,0.9755313847088115,17.95242413607936,1.1795242413607934,0.3659826086956522,0.1945083343462724,0.1891755976025231
digits,SOM_7x7_RECT_planar,7x7,RECT_planar,71,0.9741098889706259,17.926785462530983,1.17926785462531,0.3333154427254552,0.15615090322455477,0.1562366819045766
digits,SOM_7x7_RECT_toroid,7x7,RECT_toroid,42,0.9966427794253975,20.348246861534914,1.2034824686153491,0.6496228817709864,0.19953034309806644,0.18921557444243878
digits,SOM_7x7_RECT_toroid,7x7,RECT_toroid,43,0.9967621924140517,20.35141330584421,1.2035141330584422,0.6191488122962273,0.17552785041419738,0.17594634982343052
digits,SOM_7x7_RECT_toroid,7x7,RECT_toroid,44,0.9967908417551152,20.354039780340305,1.203540397803403,0.6756582828336998,0.18012466181594833,0.18340904947423867
digits,SOM_7x7_RECT_toroid,7x7,RECT_toroid,45,0.9967621924140515,20.35141330584421,1.203514133058442,0.6191488122962273,0.17552785041419738,0.17594634982343052
digits,SOM_7x7_RECT_toroid,7x7,RECT_toroid,46,0.9981809809299725,20.46875217809068,1.204687521780907,0.5442981377568129,0.1730964230847002,0.154470805963678
digits,SOM_7x7_RECT_toroid,7x7,RECT_toroid,47,0.9966670919355853,20.351356569357577,1.2035135656935756,0.6670919587891934,0.19160017972876045,0.1866148713522017
digits,SOM_7x7_RECT_toroid,7x7,RECT_toroid,48,0.9966427794253975,20.348246861534918,1.2034824686153491,0.6112253893623274,0.19953034309806644,0.1801665699124421
digits,SOM_7x7_RECT_toroid,7x7,RECT_toroid,49,0.9946247626635202,20.389809354323784,1.2038980935432377,0.5997606402872316,0.265343211265763,0.21129429143941444
digits,SOM_7x7_RECT_toroid,7x7,RECT_toroid,50,0.9967621924140517,20.351413305844215,1.2035141330584422,0.6191488122962273,0.17552785041419738,0.17594634982343052
digits,SOM_7x7_RECT_toroid,7x7,RECT_toroid,51,0.9956880698696319,20.362806701842338,1.2036280670184234,0.6437323279924599,0.21755825446790833,0.17379576631114363
digits,SOM_7x7_RECT_toroid,7x7,RECT_toroid,52,0.9981667385351644,20.468332827169696,1.204683328271697,0.6635146169038264,0.1894853116230079,0.17790467283948044
digits,SOM_7x7_RECT_toroid,7x7,RECT_toroid,53,0.9982575886267964,20.47055534138891,1.204705553413889,0.7711122164313056,0.1754980798667534,0.1805768538513896
digits,SOM_7x7_RECT_toroid,7x7,RECT_toroid,54,0.995688069869632,20.362806701842338,1.2036280670184232,0.6811232449297971,0.21755825446790833,0.17775781439543653
digits,SOM_7x7_RECT_toroid,7x7,RECT_toroid,55,0.9967621924140517,20.35141330584421,1.2035141330584422,0.6191488122962273,0.17552785041419738,0.17594634982343052
digits,SOM_7x7_RECT_toroid,7x7,RECT_toroid,56,0.996651978932269,20.350386127455497,1.203503861274555,0.674591579226989,0.20479437655626262,0.19910517442904438
digits,SOM_7x7_RECT_toroid,7x7,RECT_toroid,57,0.9968236901220643,20.354210358777628,1.2035421035877762,0.6879172948524661,0.18267516749334514,0.18307031097967105
digits,SOM_7x7_RECT_toroid,7x7,RECT_toroid,58,0.9970392524095932,20.405529262959433,1.2040552926295942,0.7988133471231833,0.22842514414463644,0.2436847186088328
digits,SOM_7x7_RECT_toroid,7x7,RECT_toroid,59,0.9981608491993461,20.471028520011338,1.2047102852001135,0.49724090360406964,0.20319981672701432,0.1587734701038784
digits,SOM_7x7_RECT_toroid,7x7,RECT_toroid,60,0.9957172397315117,20.36397019184701,1.20363970191847,0.57325509573811,0.19081690238578183,0.1903773118873369
digits,SOM_7x7_RECT_toroid,7x7,RECT_toroid,61,0.995781615676032,20.36771819819091,1.2036771819819094,0.696014538162677,0.19022994772804644,0.1965087454457843
digits,SOM_7x7_RECT_toroid,7x7,RECT_toroid,62,0.9970392524095933,20.405529262959433,1.2040552926295942,0.7252162341982701,0.24331485378431308,0.24611630905303156
digits,SOM_7x7_RECT_toroid,7x7,RECT_toroid,63,0.9968027538903569,20.355109236416254,1.2035510923641626,0.6879172948524661,0.1829970355261293,0.1837130087002556
digits,SOM_7x7_RECT_toroid,7x7,RECT_toroid,64,0.9966427794253977,20.348246861534914,1.2034824686153491,0.6112253893623274,0.19953034309806644,0.1801665699124421
digits,SOM_7x7_RECT_toroid,7x7,RECT_toroid,65,0.998160849199346,20.47102852001134,1.2047102852001135,0.556494823353613,0.16113138181311812,0.1587734701038784
digits,SOM_7x7_RECT_toroid,7x7,RECT_toroid,66,0.9953526829074761,20.38984826599576,1.2038984826599575,0.6961097538056756,0.23457691293420763,0.17540275199042907
digits,SOM_7x7_RECT_toroid,7x7,RECT_toroid,67,0.9967621924140518,20.351413305844208,1.203514133058442,0.6191488122962273,0.17552785041419738,0.17594634982343052
digits,SOM_7x7_RECT_toroid,7x7,RECT_toroid,68,0.9967621924140516,20.35141330584421,1.2035141330584422,0.6191488122962273,0.17552785041419738,0.17594634982343052
digits,SOM_7x7_RECT_toroid,7x7,RECT_toroid,69,0.9955803098401061,20.407646693239023,1.2040764669323902,0.6957077625570777,0.2337364351985097,0.22398608032350237
digits,SOM_7x7_RECT_toroid,7x7,RECT_toroid,70,0.9968027538903568,20.355109236416254,1.2035510923641626,0.5611394452046274,0.1829970355261293,0.16708451776467373
digits,SOM_7x7_RECT_toroid,7x7,RECT_toroid,71,0.9982360137502236,20.469647643393426,1.2046964764339343,0.7711122164313056,0.17375236943457564,0.17880932532069052
digits,SOM_10x10_RECT_planar,10x10,RECT_planar,42,0.9892153393935852,18.49622416606347,1.184962241660635,0.53795352086903,0.16456563102873195,0.1832192376075695
digits,SOM_10x10_RECT_planar,10x10,RECT_planar,43,0.9904902840015848,18.622774760770877,1.1862277476077088,0.43125091441111923,0.18749194678063172,0.17162305815708556
digits,SOM_10x10_RECT_planar,10x10,RECT_planar,44,0.9904902840015847,18.62277476077087,1.1862277476077083,0.4367741935483871,0.18665300702993418,0.17162305815708556
digits,SOM_10x10_RECT_planar,10x10,RECT_planar,45,0.9931643687285648,18.59771230665556,1.1859771230665554,0.45952850207281215,0.14832938541601542,0.14036964590596898
digits,SOM_10x10_RECT_planar,10x10,RECT_planar,46,0.9892153393935851,18.49622416606347,1.1849622416606347,0.5132716575950865,0.16456563102873195,0.16439200981574667
digits,SOM_10x10_RECT_planar,10x10,RECT_planar,47,0.9923915149871517,18.572005008740163,1.1857200500874017,0.4958873231786596,0.1184647235211102,0.10801517208229353
digits,SOM_10x10_RECT_planar,10x10,RECT_planar,48,0.9892153393935854,18.49622416606347,1.1849622416606347,0.5132716575950865,0.16456563102873195,0.16439200981574667
digits,SOM_10x10_RECT_planar,10x10,RECT_planar,49,0.9931643687285645,18.597712306655545,1.185977123066555,0.4670280051695915,0.14832938541601542,0.14637048410245304
digits,SOM_10x10_RECT_planar,10x10,RECT_planar,50,0.9941685077340785,18.570315063107493,1.1857031506310747,0.7363695432352113,0.15990481188534847,0.19173229970099132
digits,SOM_10x10_RECT_planar,10x10,RECT_planar,51,0.989145765078999,18.496003014514116,1.1849600301451408,0.5309344536479778,0.163874852363083,0.1716886610955531
digits,SOM_10x10_RECT_planar,10x10,RECT_planar,52,0.9884143369865144,18.562964637579757,1.1856296463757976,0.42978673025859593,0.17278794240396708,0.16273426585122877
digits,SOM_10x10_RECT_planar,10x10,RECT_planar,53,0.9891457650789991,18.496003014514116,1.184960030145141,0.5399283840019867,0.163874852363083,0.18798440694715404
digits,SOM_10x10_RECT_planar,10x10,RECT_planar,54,0.989145765078999,18.496003014514116,1.1849600301451408,0.5412135997170504,0.163874852363083,0.17162674821823662
digits,SOM_10x10_RECT_planar,10x10,RECT_planar,55,0.992645633823564,18.572886469739117,1.1857288646973916,0.726732540313105,0.08069888411775844,0.12670641280486847
digits,SOM_10x10_RECT_planar,10x10,RECT_planar,56,0.9891457650789991,18.496003014514116,1.184960030145141,0.5412135997170504,0.163874852363083,0.17162674821823662
digits,SOM_10x10_RECT_planar,10x10,RECT_planar,57,0.9891457650789988,18.496003014514116,1.1849600301451408,0.5399283840019867,0.163874852363083,0.18798440694715404
digits,SOM_10x10_RECT_planar,10x10,RECT_planar,58,0.9894602937051041,18.502803769129955,1.1850280376912996,0.5753557428313679,0.1619537018923261,0.1590321651900809
digits,SOM_10x10_RECT_planar,10x10,RECT_planar,59,0.9892153393935851,18.49622416606347,1.1849622416606347,0.5132716575950865,0.16456563102873195,0.16439200981574667
digits,SOM_10x10_RECT_planar,10x10,RECT_planar,60,0.989145765078999,18.496003014514116,1.1849600301451408,0.5309344536479778,0.163874852363083,0.1716886610955531
digits,SOM_10x10_RECT_planar,10x10,RECT_planar,61,0.9904902840015848,18.622774760770877,1.1862277476077088,0.449271523178808,0.18935248581719125,0.17162305815708556
digits,SOM_10x10_RECT_planar,10x10,RECT_planar,62,0.9884269775705747,18.55512074342011,1.185551207434201,0.5745387358040448,0.1836899544227457,0.17300028029737186
digits,SOM_10x10_RECT_planar,10x10,RECT_planar,63,0.9894602937051041,18.50280376912996,1.1850280376912996,0.5753557428313679,0.1619537018923261,0.1590321651900809
digits,SOM_10x10_RECT_planar,10x10,RECT_planar,64,0.9892153393935851,18.496224166063477,1.184962241660635,0.5132716575950865,0.16456563102873195,0.16439200981574667
digits,SOM_10x10_RECT_planar,10x10,RECT_planar,65,0.9892153393935851,18.496224166063477,1.184962241660635,0.5132716575950865,0.16456563102873195,0.16439200981574667
digits,SOM_10x10_RECT_planar,10x10,RECT_planar,66,0.9934070519473149,18.57221221664061,1.185722122166406,0.4971726842414771,0.15794269636640385,0.17381872463584158
digits,SOM_10x10_RECT_planar,10x10,RECT_planar,67,0.989145765078999,18.49600301451412,1.184960030145141,0.5309344536479778,0.163874852363083,0.1716886610955531
digits,SOM_10x10_RECT_planar,10x10,RECT_planar,68,0.9891457650789991,18.496003014514116,1.184960030145141,0.5309344536479778,0.163874852363083,0.1716886610955531
digits,SOM_10x10_RECT_planar,10x10,RECT_planar,69,0.9892153393935854,18.49622416606347,1.1849622416606347,0.5132716575950865,0.16456563102873195,0.16439200981574667
digits,SOM_10x10_RECT_planar,10x10,RECT_planar,70,0.9931418688639879,18.588983238069535,1.1858898323806955,0.6194978916135633,0.13080180436391797,0.13927561872895022
digits,SOM_10x10_RECT_planar,10x10,RECT_planar,71,0.9903196634193677,18.613428442380435,1.1861342844238045,0.46869757174392934,0.17557365360461888,0.18202083463307497
digits,SOM_10x10_RECT_toroid,10x10,RECT_toroid,42,0.9981203657574801,20.39896825661527,1.2039896825661525,0.5419393343176017,0.149545069720516,0.16879059141622638
digits,SOM_10x10_RECT_toroid,10x10,RECT_toroid,43,0.9988835363574192,20.438764091232482,1.204387640912325,0.9002943052493761,0.13775127610108306,0.14052086517773385
digits,SOM_10x10_RECT_toroid,10x10,RECT_toroid,44,0.9988726697253922,20.43531377603708,1.204353137760371,0.8794823867721064,0.15160457690766263,0.14541346542513506
digits,SOM_10x10_RECT_toroid,10x10,RECT_toroid,45,0.9989519778487077,20.43814756355189,1.204381475635519,0.7766909283250516,0.13798182225392766,0.13174452041646822
digits,SOM_10x10_RECT_toroid,10x10,RECT_toroid,46,0.9981029018168665,20.398094359444887,1.2039809435944486,0.6108254042322088,0.1506811863060871,0.1569752596229946
digits,SOM_10x10_RECT_toroid,10x10,RECT_toroid,47,0.9988727465239101,20.43712051960278,1.2043712051960278,0.7838711920990402,0.1380970157708551,0.1414114916425374
digits,SOM_10x10_RECT_toroid,10x10,RECT_toroid,48,0.998905930508469,20.44480925169924,1.2044480925169925,0.883133485594591,0.15359007050945714,0.14166897273314663
digits,SOM_10x10_RECT_toroid,10x10,RECT_toroid,49,0.9988839069455148,20.43993461647438,1.2043993461647438,0.680774834595266,0.13850943299066357,0.14517767332843906
digits,SOM_10x10_RECT_toroid,10x10,RECT_toroid,50,0.9991439724703818,20.470725033820877,1.2047072503382088,0.6511701655356124,0.1369590739096003,0.1364920172659194
digits,SOM_10x10_RECT_toroid,10x10,RECT_toroid,51,0.9989709523306504,20.464707533997466,1.204647075339975,0.875280404125885,0.1510439776586332,0.13390145112175242
digits,SOM_10x10_RECT_toroid,10x10,RECT_toroid,52,0.99891713834015,20.443243086021326,1.204432430860213,0.9104759148849713,0.15003157935246736,0.1423037762294592
digits,SOM_10x10_RECT_toroid,10x10,RECT_toroid,53,0.9989569065927609,20.43997600440279,1.2043997600440282,0.8738195789222073,0.13993408042423847,0.1338753799170304
digits,SOM_10x10_RECT_toroid,10x10,RECT_toroid,54,0.9989404452632746,20.466436882614165,1.2046643688261416,0.8321387283236994,0.14782037859288172,0.14363917251842828
digits,SOM_10x10_RECT_toroid,10x10,RECT_toroid,55,0.9989850211442857,20.442466624957998,1.20442466624958,0.6788674033149171,0.13279979727627572,0.1359701035322779
digits,SOM_10x10_RECT_toroid,10x10,RECT_toroid,56,0.998922773710185,20.446330575790547,1.204463305757906,0.8942089789034086,0.15588299964694172,0.14158367179882006
digits,SOM_10x10_RECT_toroid,10x10,RECT_toroid,57,0.9989152841886879,20.443776001835495,1.2044377600183551,0.8417221865396234,0.140343316880136,0.11852691956366629
digits,SOM_10x10_RECT_toroid,10x10,RECT_toroid,58,0.9988874144056601,20.441785508659617,1.2044178550865958,0.7915701713756369,0.15875067447563415,0.14620333156572593
digits,SOM_10x10_RECT_toroid,10x10,RECT_toroid,59,0.9988813140272287,20.43900480819976,1.2043900480819973,0.8848025262886543,0.12168906720935212,0.12878310098413684
digits,SOM_10x10_RECT_toroid,10x10,RECT_toroid,60,0.9989931956239532,20.469412506674818,1.2046941250667482,0.6240022050316792,0.1481447346632462,0.15780996313944384
digits,SOM_10x10_RECT_toroid,10x10,RECT_toroid,61,0.9989085387282732,20.442896705326515,1.2044289670532653,0.8072962693336344,0.15828643831869563,0.1464227133256027
digits,SOM_10x10_RECT_toroid,10x10,RECT_toroid,62,0.9990176227254489,20.473258869187834,1.2047325886918783,0.6706454177037047,0.13007209141171278,0.14038028025650615
digits,SOM_10x10_RECT_toroid,10x10,RECT_toroid,63,0.9988737933163563,20.437408977040754,1.204374089770408,0.7356339141233583,0.15622424937912965,0.12302622931711363
digits,SOM_10x10_RECT_toroid,10x10,RECT_toroid,64,0.9988896265656887,20.440196498567758,1.2044019649856779,0.7203676459313694,0.15053864941276224,0.12220081228280716
digits,SOM_10x10_RECT_toroid,10x10,RECT_toroid,65,0.9988737933163565,20.437408977040754,1.2043740897704072,0.6719328779303747,0.15918891752633085,0.12302622931711363
digits,SOM_10x10_RECT_toroid,10x10,RECT_toroid,66,0.9988737933163562,20.437408977040754,1.2043740897704074,0.7561403407881949,0.1516765185687567,0.12303204166057993
digits,SOM_10x10_RECT_toroid,10x10,RECT_toroid,67,0.9989117524040974,20.44437081514654,1.2044437081514656,0.7313553374501416,0.14440391045250991,0.1276790731895302
digits,SOM_10x10_RECT_toroid,10x10,RECT_toroid,68,0.9989231832850286,20.446433903564216,1.2044643390356422,0.8080797958577446,0.13213270610304767,0.15105247115385195
digits,SOM_10x10_RECT_toroid,10x10,RECT_toroid,69,0.9989059305084692,20.444809251699247,1.2044480925169925,0.8516303546986912,0.1563482425046429,0.14166897273314663
digits,SOM_10x10_RECT_toroid,10x10,RECT_toroid,70,0.9988813140272286,20.439004808199755,1.2043900480819978,0.7893986034987611,0.14081436597165992,0.1402553634162975
digits,SOM_10x10_RECT_toroid,10x10,RECT_toroid,71,0.9990198114787899,20.473158138927914,1.2047315813892794,0.8474813750514882,0.1383753129104722,0.11249899946433153
digits,SOM_12x12_RECT_planar,12x12,RECT_planar,42,0.9937462073665176,18.7222441294388,1.187222441294388,0.5145942006750537,0.1329644415640679,0.13098150786935858
digits,SOM_12x12_RECT_planar,12x12,RECT_planar,43,0.9935779076551695,18.72074085281165,1.1872074085281168,0.6020719014235779,0.12118724604449632,0.14863901507894242
digits,SOM_12x12_RECT_planar,12x12,RECT_planar,44,0.9938734036923542,18.85213657216544,1.1885213657216545,0.4560351856714438,0.12366362378130008,0.11753751250563571
digits,SOM_12x12_RECT_planar,12x12,RECT_planar,45,0.992934547936089,18.79052094158342,1.1879052094158342,0.7947160071342604,0.12256228663237334,0.11058852847834426
digits,SOM_12x12_RECT_planar,12x12,RECT_planar,46,0.9935779076551695,18.720740852811662,1.187207408528117,0.5623674255169124,0.11568829061595581,0.13645777883522128
digits,SOM_12x12_RECT_planar,12x12,RECT_planar,47,0.9946826167002272,18.809134358325487,1.1880913435832547,0.6287437718881536,0.14360830323668605,0.147971468823043
digits,SOM_12x12_RECT_planar,12x12,RECT_planar,48,0.9937462073665175,18.7222441294388,1.187222441294388,0.6569597556009974,0.12205428184619728,0.13361673382951084
digits,SOM_12x12_RECT_planar,12x12,RECT_planar,49,0.9937462073665175,18.7222441294388,1.187222441294388,0.5209693461703883,0.13953073602822463,0.13361673382951084
digits,SOM_12x12_RECT_planar,12x12,RECT_planar,50,0.9935779076551696,18.720740852811655,1.1872074085281163,0.6423066522444565,0.11596081767962617,0.14085368550738173
digits,SOM_12x12_RECT_planar,12x12,RECT_planar,51,0.9935779076551698,18.72074085281165,1.1872074085281168,0.5503607870468793,0.1246599879522689,0.12524019920951499
digits,SOM_12x12_RECT_planar,12x12,RECT_planar,52,0.9937462073665178,18.722244129438803,1.1872224412943881,0.5116087785191348,0.123841444058869,0.13361673382951084
digits,SOM_12x12_RECT_planar,12x12,RECT_planar,53,0.9937462073665178,18.7222441294388,1.187222441294388,0.508916267322576,0.12423029931977089,0.13098150786935858
digits,SOM_12x12_RECT_planar,12x12,RECT_planar,54,0.9938973273256769,18.849391748133694,1.188493917481337,0.526505617977528,0.12377792619896691,0.13260221533488686
digits,SOM_12x12_RECT_planar,12x12,RECT_planar,55,0.9946522675952234,18.835176702181737,1.1883517670218173,0.5257616889677369,0.117473943023885,0.12640119820874154
digits,SOM_12x12_RECT_planar,12x12,RECT_planar,56,0.993746207366518,18.7222441294388,1.187222441294388,0.5145942006750537,0.1329644415640679,0.13098150786935858
digits,SOM_12x12_RECT_planar,12x12,RECT_planar,57,0.993746207366518,18.7222441294388,1.187222441294388,0.5141153872643928,0.1329644415640679,0.13245310737800262
digits,SOM_12x12_RECT_planar,12x12,RECT_planar,58,0.993873403692354,18.852136572165442,1.1885213657216547,0.5092188599577762,0.13084545878479192,0.11753751250563571
digits,SOM_12x12_RECT_planar,12x12,RECT_planar,59,0.9938734036923542,18.85213657216544,1.1885213657216545,0.4816792431397368,0.1260370803749464,0.11432269259918483
digits,SOM_12x12_RECT_planar,12x12,RECT_planar,60,0.9937462073665178,18.7222441294388,1.187222441294388,0.52249247129697,0.13953073602822463,0.13098150786935858
digits,SOM_12x12_RECT_planar,12x12,RECT_planar,61,0.9935779076551696,18.720740852811655,1.1872074085281163,0.6288895232657722,0.1089720790985239,0.12768416371038052
digits,SOM_12x12_RECT_planar,12x12,RECT_planar,62,0.993873403692354,18.852136572165442,1.1885213657216545,0.5291739161919002,0.1200394738928851,0.11443203534755857
digits,SOM_12x12_RECT_planar,12x12,RECT_planar,63,0.9935779076551695,18.72074085281166,1.1872074085281168,0.5992066118257541,0.12413782556610943,0.11677249277055782
digits,SOM_12x12_RECT_planar,12x12,RECT_planar,64,0.9929345479360889,18.79052094158342,1.1879052094158342,0.7781591209868788,0.11819157911623235,0.11090395376075494
digits,SOM_12x12_RECT_planar,12x12,RECT_planar,65,0.9935779076551697,18.72074085281166,1.1872074085281163,0.648749574984465,0.12413782556610943,0.14085368550738173
digits,SOM_12x12_RECT_planar,12x12,RECT_planar,66,0.9935779076551695,18.72074085281165,1.1872074085281168,0.5983324420901037,0.12331725163957019,0.1163393615041034
digits,SOM_12x12_RECT_planar,12x12,RECT_planar,67,0.9938883919463162,18.843598235630886,1.188435982356309,0.5244788116045224,0.12561134779203798,0.12959873718588738
digits,SOM_12x12_RECT_planar,12x12,RECT_planar,68,0.9935779076551698,18.72074085281165,1.1872074085281168,0.6615079503553524,0.12118724604449632,0.1395626399546106
digits,SOM_12x12_RECT_planar,12x12,RECT_planar,69,0.9935779076551698,18.72074085281165,1.1872074085281168,0.5480951618175638,0.12383716797101635,0.1359480430172493
digits,SOM_12x12_RECT_planar,12x12,RECT_planar,70,0.9946522675952234,18.835176702181744,1.1883517670218173,0.523757139197396,0.11751842419745623,0.12640119820874154
digits,SOM_12x12_RECT_planar,12x12,RECT_planar,71,0.9938734036923542,18.85213657216544,1.1885213657216545,0.47218266308228346,0.1260370803749464,0.11753751250563571
digits,SOM_12x12_RECT_toroid,12x12,RECT_toroid,42,0.9992326563486323,20.4513504248794,1.204513504248794,0.5701470446849827,0.09244422200452135,0.10413018832117932
digits,SOM_12x12_RECT_toroid,12x12,RECT_toroid,43,0.9993356062697051,20.448393664711777,1.2044839366471176,0.8546334843766673,0.09177179975443071,0.09520892090678884
digits,SOM_12x12_RECT_toroid,12x12,RECT_toroid,44,0.999333820445409,20.44499793031179,1.2044499793031176,0.6851696883132815,0.10172058268049501,0.09915242376128997
digits,SOM_12x12_RECT_toroid,12x12,RECT_toroid,45,0.9992036120452428,20.374537304666575,1.2037453730466656,0.6322930800542741,0.08382747901132856,0.10158819876794034
digits,SOM_12x12_RECT_toroid,12x12,RECT_toroid,46,0.9993361951607924,20.453145554892373,1.2045314555489235,0.674052048676707,0.08913679898398277,0.07396193919609545
digits,SOM_12x12_RECT_toroid,12x12,RECT_toroid,47,0.9993197166916321,20.445668709269988,1.2044566870926998,0.8810648562509551,0.08967129045474521,0.08937648371843106
digits,SOM_12x12_RECT_toroid,12x12,RECT_toroid,48,0.9993031909593861,20.44438705993075,1.204443870599308,0.8748857212990022,0.07628208856456838,0.08545189249295511
digits,SOM_12x12_RECT_toroid,12x12,RECT_toroid,49,0.9992962474674725,20.44121590858092,1.2044121590858092,0.8933926056824143,0.08899886356620869,0.08448905068552846
digits,SOM_12x12_RECT_toroid,12x12,RECT_toroid,50,0.9992472066885592,20.448136568452334,1.2044813656845237,0.7967338919306048,0.11043729413597109,0.09828060577962447
digits,SOM_12x12_RECT_toroid,12x12,RECT_toroid,51,0.9993360440802523,20.451638834710856,1.2045163883471086,0.6283145777584336,0.11799477749613922,0.11176077319592301
digits,SOM_12x12_RECT_toroid,12x12,RECT_toroid,52,0.9993317088580005,20.447125743411306,1.2044712574341128,0.6609990150867077,0.08439744301379806,0.07900885444652209
digits,SOM_12x12_RECT_toroid,12x12,RECT_toroid,53,0.9993361951607923,20.453145554892373,1.2045314555489235,0.6358150678853491,0.08913679898398277,0.07214731568009645
digits,SOM_12x12_RECT_toroid,12x12,RECT_toroid,54,0.9993724557689563,20.465589111485695,1.204655891114857,0.889102175695148,0.09055250180195544,0.09042099145907022
digits,SOM_12x12_RECT_toroid,12x12,RECT_toroid,55,0.9994007122573236,20.408496655826617,1.204084966558266,0.679076281472721,0.07262508776618032,0.07904602834552606
digits,SOM_12x12_RECT_toroid,12x12,RECT_toroid,56,0.9993164481265601,20.445760484387137,1.2044576048438713,0.5123404237761353,0.08630212259435416,0.08491445267568386
digits,SOM_12x12_RECT_toroid,12x12,RECT_toroid,57,0.9993042940629843,20.44009085330871,1.2044009085330871,0.5313081135753311,0.10022736634582811,0.09455129254608223
digits,SOM_12x12_RECT_toroid,12x12,RECT_toroid,58,0.9993377367429873,20.44903297946075,1.2044903297946075,0.8302224208310626,0.10284507188051398,0.09038980973327011
digits,SOM_12x12_RECT_toroid,12x12,RECT_toroid,59,0.9992639236203664,20.43906853359993,1.2043906853359991,0.8391147059252307,0.09346245433015657,0.07625963292686931
digits,SOM_12x12_RECT_toroid,12x12,RECT_toroid,60,0.9993365845721152,20.44822802856979,1.2044822802856978,0.819443101654565,0.10009362248372422,0.09474203199921792
digits,SOM_12x12_RECT_toroid,12x12,RECT_toroid,61,0.9992376124580516,20.450189864674666,1.2045018986467466,0.6024431829742213,0.09631786421543294,0.09997496694642473
digits,SOM_12x12_RECT_toroid,12x12,RECT_toroid,62,0.9993860332861961,20.4804360355375,1.2048043603553746,0.9165524661272225,0.12892252678657148,0.11181194358166166
digits,SOM_12x12_RECT_toroid,12x12,RECT_toroid,63,0.9993031909593859,20.444387059930754,1.204443870599308,0.8246812323746154,0.07578455841372876,0.07987927676926643
digits,SOM_12x12_RECT_toroid,12x12,RECT_toroid,64,0.9994080747765615,20.46119247399242,1.2046119247399243,0.885106824131109,0.08351222999180472,0.08119801044116888
digits,SOM_12x12_RECT_toroid,12x12,RECT_toroid,65,0.9992962474674725,20.44121590858092,1.2044121590858092,0.8362865605988046,0.09161046037548434,0.08799307042592021
digits,SOM_12x12_RECT_toroid,12x12,RECT_toroid,66,0.9993356062697051,20.448393664711777,1.2044839366471176,0.8670454778250669,0.09177179975443071,0.09075728991486992
digits,SOM_12x12_RECT_toroid,12x12,RECT_toroid,67,0.999345528446529,20.462348920655245,1.2046234892065526,0.6352284866468842,0.08506728158792469,0.08440068031154886
digits,SOM_12x12_RECT_toroid,12x12,RECT_toroid,68,0.9992661848187843,20.453107484621817,1.2045310748462181,0.8270726272227023,0.09892991425235215,0.09822775673941203
digits,SOM_12x12_RECT_toroid,12x12,RECT_toroid,69,0.9993455284465288,20.462348920655238,1.2046234892065524,0.6465126796471071,0.09003555869660936,0.09250931566794465
digits,SOM_12x12_RECT_toroid,12x12,RECT_toroid,70,0.9993280565809026,20.446555345724708,1.204465553457247,0.6494851754483041,0.09629328327198299,0.1046343935844466
digits,SOM_12x12_RECT_toroid,12x12,RECT_toroid,71,0.9992487095417191,20.450384378123402,1.2045038437812343,0.6279516776889682,0.09335300085180112,0.09865877116048227
digits,SOM_15x15_RECT_planar,15x15,RECT_planar,42,0.9960839768430176,19.02476462537254,1.1902476462537255,0.6235667195193191,0.11994449833728713,0.11084369819469898
digits,SOM_15x15_RECT_planar,15x15,RECT_planar,43,0.9960839768430179,19.02476462537254,1.1902476462537253,0.6235667195193191,0.11994449833728713,0.11084369819469898
digits,SOM_15x15_RECT_planar,15x15,RECT_planar,44,0.9960882673831851,19.025390741751806,1.1902539074175182,0.669848410015312,0.1076694258477849,0.10293411236786927
digits,SOM_15x15_RECT_planar,15x15,RECT_planar,45,0.9960839768430176,19.02476462537254,1.1902476462537255,0.6409728541939493,0.11994449833728713,0.11218797492254365
digits,SOM_15x15_RECT_planar,15x15,RECT_planar,46,0.9958725162635538,19.109792420822366,1.1910979242082236,0.8353941013481694,0.07976810578913111,0.07710532978391352
digits,SOM_15x15_RECT_planar,15x15,RECT_planar,47,0.9960839768430179,19.02476462537254,1.1902476462537255,0.6791952196151877,0.11994449833728713,0.11088924748577109
digits,SOM_15x15_RECT_planar,15x15,RECT_planar,48,0.9960839768430179,19.02476462537254,1.1902476462537253,0.6791952196151877,0.11994449833728713,0.11088924748577109
digits,SOM_15x15_RECT_planar,15x15,RECT_planar,49,0.9960839768430179,19.02476462537254,1.1902476462537253,0.6522135087275487,0.10973186230973271,0.11084369819469898
digits,SOM_15x15_RECT_planar,15x15,RECT_planar,50,0.9953807707825584,19.02134707327307,1.1902134707327312,0.4861974348988082,0.07047413746633707,0.07587281280499915
digits,SOM_15x15_RECT_planar,15x15,RECT_planar,51,0.9965897212546693,19.114438471706027,1.1911443847170602,0.7810154516703803,0.07858565145668014,0.08567720279108065
digits,SOM_15x15_RECT_planar,15x15,RECT_planar,52,0.9966014351660073,19.105207745311652,1.1910520774531166,0.7299890656729074,0.09594186083375558,0.08741218523831575
digits,SOM_15x15_RECT_planar,15x15,RECT_planar,53,0.9960839768430177,19.02476462537254,1.1902476462537253,0.6522135087275487,0.10973186230973271,0.11084369819469898
digits,SOM_15x15_RECT_planar,15x15,RECT_planar,54,0.9959259648633215,19.010726537634113,1.190107265376341,0.6156839813354982,0.10819229941119676,0.10070601593039591
digits,SOM_15x15_RECT_planar,15x15,RECT_planar,55,0.997154118330415,19.101329961404232,1.1910132996140423,0.8740359649038136,0.10496637753259554,0.10111962871533527
digits,SOM_15x15_RECT_planar,15x15,RECT_planar,56,0.9960839768430176,19.02476462537254,1.1902476462537255,0.6522135087275487,0.10973186230973271,0.11084369819469898
digits,SOM_15x15_RECT_planar,15x15,RECT_planar,57,0.9960839768430176,19.02476462537254,1.1902476462537253,0.6791952196151877,0.11994449833728713,0.11088924748577109
digits,SOM_15x15_RECT_planar,15x15,RECT_planar,58,0.9960839768430179,19.02476462537254,1.1902476462537255,0.6522135087275487,0.10973186230973271,0.11084369819469898
digits,SOM_15x15_RECT_planar,15x15,RECT_planar,59,0.9958725162635538,19.109792420822362,1.1910979242082236,0.7615855372705058,0.07976810578913111,0.08326001197512839
digits,SOM_15x15_RECT_planar,15x15,RECT_planar,60,0.9960839768430179,19.02476462537254,1.1902476462537255,0.6522135087275487,0.10973186230973271,0.11084369819469898
digits,SOM_15x15_RECT_planar,15x15,RECT_planar,61,0.9960839768430176,19.02476462537254,1.1902476462537255,0.686175965903766,0.10924979244411875,0.11132691153599386
digits,SOM_15x15_RECT_planar,15x15,RECT_planar,62,0.9958574703073304,19.10818007104654,1.1910818007104655,0.7640751885116203,0.0800627549888922,0.08488404949958818
digits,SOM_15x15_RECT_planar,15x15,RECT_planar,63,0.9960839768430176,19.02476462537254,1.1902476462537255,0.6235667195193191,0.11994449833728713,0.11084369819469898
digits,SOM_15x15_RECT_planar,15x15,RECT_planar,64,0.9960839768430179,19.02476462537254,1.1902476462537255,0.6791952196151877,0.11994449833728713,0.11088924748577109
digits,SOM_15x15_RECT_planar,15x15,RECT_planar,65,0.9960839768430176,19.02476462537254,1.1902476462537253,0.6522135087275487,0.10973186230973271,0.11084369819469898
digits,SOM_15x15_RECT_planar,15x15,RECT_planar,66,0.9960839768430176,19.02476462537254,1.1902476462537255,0.6640771063519597,0.10973186230973271,0.11192884295718918
digits,SOM_15x15_RECT_planar,15x15,RECT_planar,67,0.9960839768430176,19.02476462537254,1.1902476462537255,0.6718529233667496,0.10973186230973271,0.11218797492254365
digits,SOM_15x15_RECT_planar,15x15,RECT_planar,68,0.9959151913365313,19.016253329714544,1.1901625332971455,0.6425486173569203,0.10999765083071424,0.09334816899152439
digits,SOM_15x15_RECT_planar,15x15,RECT_planar,69,0.9971541183304148,19.10132996140424,1.1910132996140423,0.8654758790777625,0.09805585096453175,0.101603950056651
digits,SOM_15x15_RECT_planar,15x15,RECT_planar,70,0.9960839768430176,19.02476462537254,1.1902476462537255,0.6718529233667496,0.10973186230973271,0.11218797492254365
digits,SOM_15x15_RECT_planar,15x15,RECT_planar,71,0.9958574703073303,19.10818007104654,1.1910818007104655,0.6481888869140978,0.08185315932814359,0.08483330952380179
digits,SOM_15x15_RECT_toroid,15x15,RECT_toroid,42,0.9993250619742539,20.34698089650744,1.2034698089650742,0.8997051433224167,0.07013242012687745,0.06514410688855454
digits,SOM_15x15_RECT_toroid,15x15,RECT_toroid,43,0.9993297076253065,20.36847351373086,1.2036847351373086,0.8785832757166008,0.05608733779426318,0.053801103214586095
digits,SOM_15x15_RECT_toroid,15x15,RECT_toroid,44,0.9993461816943158,20.35237710360013,1.2035237710360014,0.7635527965930637,0.060717863815372135,0.07748477486931182
digits,SOM_15x15_RECT_toroid,15x15,RECT_toroid,45,0.9993075077528456,20.339128151209245,1.2033912815120926,0.7893411190517692,0.06046934796928718,0.05613585862133338
digits,SOM_15x15_RECT_toroid,15x15,RECT_toroid,46,0.9995653369706547,20.413988354238484,1.2041398835423849,0.817805143521172,0.07189609931303649,0.07426182712542252
digits,SOM_15x15_RECT_toroid,15x15,RECT_toroid,47,0.9996543248642782,20.48687820331829,1.2048687820331827,0.8770064885352477,0.06927131075485246,0.06715653557540024
digits,SOM_15x15_RECT_toroid,15x15,RECT_toroid,48,0.9993281414135728,20.358480727294555,1.2035848072729454,0.9011605383280836,0.06007698742962065,0.06601528652939372
digits,SOM_15x15_RECT_toroid,15x15,RECT_toroid,49,0.9993175214920408,20.35747567855365,1.2035747567855364,0.7090243714149004,0.07245310489312821,0.0632045121624872
digits,SOM_15x15_RECT_toroid,15x15,RECT_toroid,50,0.9993580243045441,20.344570560373228,1.2034457056037322,0.914731994148913,0.06507691167408573,0.06684616283586732
digits,SOM_15x15_RECT_toroid,15x15,RECT_toroid,51,0.999312620353463,20.345010996449755,1.2034501099644976,0.6667913443802925,0.0592962310639984,0.05294381996797976
digits,SOM_15x15_RECT_toroid,15x15,RECT_toroid,52,0.9993383269423701,20.36012088026942,1.203601208802694,0.6771500667796775,0.05429121432518296,0.05715238712484346
digits,SOM_15x15_RECT_toroid,15x15,RECT_toroid,53,0.999318906739337,20.352046153004792,1.203520461530048,0.8452053606625108,0.055649004933591956,0.055393757539110154
digits,SOM_15x15_RECT_toroid,15x15,RECT_toroid,54,0.9993297076253065,20.36847351373086,1.2036847351373086,0.8741606529396326,0.055877469040528586,0.053801103214586095
digits,SOM_15x15_RECT_toroid,15x15,RECT_toroid,55,0.999312620353463,20.345010996449755,1.2034501099644976,0.7220203558149687,0.0527494582932723,0.051524198095221865
digits,SOM_15x15_RECT_toroid,15x15,RECT_toroid,56,0.9993004521474161,20.34576548268757,1.2034576548268756,0.9328901185013556,0.06151389995710515,0.060733183917492224
digits,SOM_15x15_RECT_toroid,15x15,RECT_toroid,57,0.9993049359242167,20.344514574174283,1.203445145741743,0.73465816708977,0.0613236248167677,0.06406544556491796
digits,SOM_15x15_RECT_toroid,15x15,RECT_toroid,58,0.9995025335101896,20.45959475266164,1.2045959475266166,0.7971954326366342,0.0696352886433419,0.06655636804495928
digits,SOM_15x15_RECT_toroid,15x15,RECT_toroid,59,0.9993027813412688,20.34703082309111,1.203470308230911,0.7446859211306442,0.05895615495120181,0.0575768513693884
digits,SOM_15x15_RECT_toroid,15x15,RECT_toroid,60,0.9993398659072191,20.367928692339355,1.2036792869233934,0.8587505605136487,0.05683448211454746,0.06055344207968856
digits,SOM_15x15_RECT_toroid,15x15,RECT_toroid,61,0.9993204934372895,20.363430468109755,1.2036343046810978,0.8614214686740593,0.06409653961658358,0.06025069742711762
digits,SOM_15x15_RECT_toroid,15x15,RECT_toroid,62,0.999333019940851,20.350856304581992,1.2035085630458198,0.7071753807505102,0.06504611008712081,0.05878750016706896
digits,SOM_15x15_RECT_toroid,15x15,RECT_toroid,63,0.9993197302793154,20.35727015719358,1.2035727015719355,0.7443005125934428,0.05489499121948488,0.06080262811425582
digits,SOM_15x15_RECT_toroid,15x15,RECT_toroid,64,0.9993238228759298,20.34465731741888,1.203446573174189,0.7991378882884707,0.06558169740360238,0.07210232267495215
digits,SOM_15x15_RECT_toroid,15x15,RECT_toroid,65,0.9993204934372895,20.363430468109755,1.2036343046810978,0.842170883050306,0.0684750260831361,0.057574066221765564
digits,SOM_15x15_RECT_toroid,15x15,RECT_toroid,66,0.9992941052983421,20.3376963715035,1.2033769637150353,0.6799271437704305,0.06115282462549306,0.050534006105441544
digits,SOM_15x15_RECT_toroid,15x15,RECT_toroid,67,0.9993297076253066,20.368473513730855,1.2036847351373086,0.871176990128449,0.05608733779426318,0.0522026548426733
digits,SOM_15x15_RECT_toroid,15x15,RECT_toroid,68,0.9995784830047506,20.450735558138938,1.2045073555813892,0.897790169524965,0.07261597438785883,0.06535594738622594
digits,SOM_15x15_RECT_toroid,15x15,RECT_toroid,69,0.9992941052983422,20.3376963715035,1.2033769637150347,0.7300230687898497,0.059488236018325334,0.057909056816747
digits,SOM_15x15_RECT_toroid,15x15,RECT_toroid,70,0.9993197302793155,20.357270157193575,1.2035727015719357,0.6472910884879864,0.05921322548820503,0.06274700332665871
digits,SOM_15x15_RECT_toroid,15x15,RECT_toroid,71,0.9995356869559007,20.41435633594559,1.204143563359456,0.8057164487720556,0.0810592666627722,0.08749768124877083
digits,SOM_20x20_RECT_planar,20x20,RECT_planar,42,0.9977676379041769,19.23897974116301,1.1923897974116302,0.6599651298716447,0.09330860829309061,0.08875544045570488
digits,SOM_20x20_RECT_planar,20x20,RECT_planar,43,0.9979137132810032,19.331445999716383,1.193314459997164,0.6252326094249997,0.08002737888819343,0.08098108770712817
digits,SOM_20x20_RECT_planar,20x20,RECT_planar,44,0.9976939959118645,19.34894655564107,1.1934894655564106,0.5306854417305342,0.0865053674717948,0.07707287907476382
digits,SOM_20x20_RECT_planar,20x20,RECT_planar,45,0.9977360267431714,19.254325012744285,1.1925432501274427,0.7830936369204526,0.09706252155294884,0.10072863748130574
digits,SOM_20x20_RECT_planar,20x20,RECT_planar,46,0.997913713281003,19.331445999716387,1.193314459997164,0.5292892310751276,0.07907967782472748,0.08392556752492253
digits,SOM_20x20_RECT_planar,20x20,RECT_planar,47,0.9977401345647786,19.24684906448115,1.1924684906448115,0.6744199213331866,0.08298544332159336,0.10285008359991
digits,SOM_20x20_RECT_planar,20x20,RECT_planar,48,0.9977676379041771,19.23897974116301,1.1923897974116302,0.6949665614454628,0.09260816986612984,0.09754038891826328
digits,SOM_20x20_RECT_planar,20x20,RECT_planar,49,0.9977676379041771,19.23897974116301,1.1923897974116302,0.7321257753702557,0.09273819611232834,0.10171370884693946
digits,SOM_20x20_RECT_planar,20x20,RECT_planar,50,0.9977401345647785,19.246849064481154,1.1924684906448115,0.8180787250722513,0.09055079314639246,0.10285008359991
digits,SOM_20x20_RECT_planar,20x20,RECT_planar,51,0.997767637904177,19.23897974116302,1.1923897974116302,0.6056240300617082,0.07886064572855585,0.09265415697745848
digits,SOM_20x20_RECT_planar,20x20,RECT_planar,52,0.9979137132810034,19.331445999716383,1.193314459997164,0.5106798670533231,0.08087053481842203,0.08392556752492253
digits,SOM_20x20_RECT_planar,20x20,RECT_planar,53,0.9977676379041769,19.23897974116301,1.1923897974116302,0.578291229372739,0.09341980686006021,0.08926703728577466
digits,SOM_20x20_RECT_planar,20x20,RECT_planar,54,0.9977401345647785,19.24684906448115,1.1924684906448115,0.6076224403182556,0.08286224708765882,0.09490564179950088
digits,SOM_20x20_RECT_planar,20x20,RECT_planar,55,0.9977432040979831,19.261278586748016,1.1926127858674802,0.6919702756863221,0.06939388372589204,0.07357836596602312
digits,SOM_20x20_RECT_planar,20x20,RECT_planar,56,0.9977401345647785,19.246849064481154,1.1924684906448115,0.5328946281156284,0.08283309005477502,0.0931380027339534
digits,SOM_20x20_RECT_planar,20x20,RECT_planar,57,0.9977059666281867,19.37229008836375,1.1937229008836374,0.7611005266217545,0.07447716390147766,0.07857166697571011
digits,SOM_20x20_RECT_planar,20x20,RECT_planar,58,0.9983402303955173,19.450811083564073,1.1945081108356406,0.8060921270428854,0.07463876646506326,0.07652654391923461
digits,SOM_20x20_RECT_planar,20x20,RECT_planar,59,0.9977308155296742,19.358001616825728,1.1935800161682573,0.8157849359363626,0.07753814333631802,0.07861442234752729
digits,SOM_20x20_RECT_planar,20x20,RECT_planar,60,0.9977676379041769,19.23897974116301,1.1923897974116302,0.6405987345890181,0.07866214376719752,0.08698981296318341
digits,SOM_20x20_RECT_planar,20x20,RECT_planar,61,0.9977111221539592,19.36102390798422,1.1936102390798422,0.8242323436051524,0.07508359196301936,0.0742865964879059
digits,SOM_20x20_RECT_planar,20x20,RECT_planar,62,0.9977676379041769,19.23897974116301,1.1923897974116302,0.6218173651190142,0.07879445302167695,0.09265415697745848
digits,SOM_20x20_RECT_planar,20x20,RECT_planar,63,0.9977676379041767,19.23897974116301,1.1923897974116302,0.8023714647761728,0.09001460780668433,0.08828834166658944
digits,SOM_20x20_RECT_planar,20x20,RECT_planar,64,0.9977401345647786,19.24684906448115,1.1924684906448115,0.8361833723911232,0.09018377352539472,0.09920740930069215
digits,SOM_20x20_RECT_planar,20x20,RECT_planar,65,0.9977676379041771,19.23897974116301,1.1923897974116302,0.7923351875777401,0.092805122795357,0.09265415697745848
digits,SOM_20x20_RECT_planar,20x20,RECT_planar,66,0.9976833031167118,19.264122677893848,1.1926412267789386,0.6858202387206701,0.08928851598642111,0.07160644464206316
digits,SOM_20x20_RECT_planar,20x20,RECT_planar,67,0.9977676379041769,19.23897974116301,1.1923897974116302,0.8067045956151345,0.09330860829309061,0.08479901772944715
digits,SOM_20x20_RECT_planar,20x20,RECT_planar,68,0.9977401345647787,19.24684906448115,1.1924684906448115,0.8240908505796782,0.0897599792631601,0.10285008359991
digits,SOM_20x20_RECT_planar,20x20,RECT_planar,69,0.9977280922983006,19.355107244389956,1.1935510724438994,0.8132114288415624,0.08418128875033892,0.08251724597891852
digits,SOM_20x20_RECT_planar,20x20,RECT_planar,70,0.9977401345647785,19.24684906448115,1.1924684906448115,0.5834105663409297,0.08274858312157508,0.09920740930069215
digits,SOM_20x20_RECT_planar,20x20,RECT_planar,71,0.9977111221539592,19.36102390798422,1.1936102390798422,0.823926631550413,0.07206558564223153,0.0763418861375459
digits,SOM_20x20_RECT_toroid,20x20,RECT_toroid,42,0.9997219356097656,20.46814248579963,1.2046814248579962,0.8064386819082173,0.051254889386857926,0.05442772637085042
digits,SOM_20x20_RECT_toroid,20x20,RECT_toroid,43,0.9997360948080231,20.459976495025924,1.2045997649502593,0.9375890302162359,0.05020467835346837,0.047506375716535584
digits,SOM_20x20_RECT_toroid,20x20,RECT_toroid,44,0.9996854986266329,20.465761016297137,1.2046576101629713,0.5769189192626365,0.05622855195399836,0.05271414810457213
digits,SOM_20x20_RECT_toroid,20x20,RECT_toroid,45,0.9996815256412376,20.44557546274538,1.2044557546274541,0.770434752061001,0.05481429086233143,0.05084916187261209
digits,SOM_20x20_RECT_toroid,20x20,RECT_toroid,46,0.9996787148879969,20.42692954671065,1.2042692954671064,0.8573293540979361,0.046564781016309106,0.048799186419814136
digits,SOM_20x20_RECT_toroid,20x20,RECT_toroid,47,0.9996994572458486,20.44314457448496,1.2044314457448495,0.9226593750904006,0.05109707711419847,0.050060737267231634
digits,SOM_20x20_RECT_toroid,20x20,RECT_toroid,48,0.9996228949814773,20.427393838827204,1.2042739383882717,0.7559084676745504,0.05036930502776619,0.05232266413782985
digits,SOM_20x20_RECT_toroid,20x20,RECT_toroid,49,0.9996714081015676,20.459235984556614,1.2045923598455661,0.5485057509324865,0.06304160639206412,0.06727377020724658
digits,SOM_20x20_RECT_toroid,20x20,RECT_toroid,50,0.9997367244285799,20.470066624653175,1.2047006662465316,0.823537641721804,0.04295669618083736,0.04822480850378578
digits,SOM_20x20_RECT_toroid,20x20,RECT_toroid,51,0.999696225692293,20.450544166700876,1.2045054416670085,0.903414442926234,0.05235161821602389,0.05100965407574053
digits,SOM_20x20_RECT_toroid,20x20,RECT_toroid,52,0.9995237766217988,20.381903915420665,1.2038190391542067,0.9127227019254696,0.06579605708154303,0.06722984099389108
digits,SOM_20x20_RECT_toroid,20x20,RECT_toroid,53,0.9994832101297666,20.4009106739965,1.204009106739965,0.47346055206847204,0.06126518291367021,0.06376375507819958
digits,SOM_20x20_RECT_toroid,20x20,RECT_toroid,54,0.9996950401355126,20.42926565573352,1.204292656557335,0.7920431828417176,0.05015057633276091,0.05073124059676466
digits,SOM_20x20_RECT_toroid,20x20,RECT_toroid,55,0.9996676018579821,20.44419074583246,1.2044419074583246,0.7691742213548987,0.054497302465719474,0.05300546930178788
digits,SOM_20x20_RECT_toroid,20x20,RECT_toroid,56,0.9996669501575519,20.409498334906058,1.2040949833490604,0.9012171351060626,0.05858476036078207,0.060637446432053516
digits,SOM_20x20_RECT_toroid,20x20,RECT_toroid,57,0.9996822151621854,20.45997950896309,1.204599795089631,0.8095888289845825,0.05346059661211861,0.056785211790394335
digits,SOM_20x20_RECT_toroid,20x20,RECT_toroid,58,0.9997086604588913,20.449757247501097,1.2044975724750109,0.6782102545979412,0.05219580981686508,0.043379694349173
digits,SOM_20x20_RECT_toroid,20x20,RECT_toroid,59,0.9997367244285797,20.470066624653175,1.2047006662465316,0.915362886113132,0.047447105711159766,0.04822480850378578
digits,SOM_20x20_RECT_toroid,20x20,RECT_toroid,60,0.9996813902172222,20.436306210346718,1.204363062103467,0.8500037230103734,0.05056277715317673,0.0499599552527274
digits,SOM_20x20_RECT_toroid,20x20,RECT_toroid,61,0.9996882727704478,20.43905681037673,1.2043905681037674,0.5448020572121287,0.044829689501042984,0.049060566158028326
digits,SOM_20x20_RECT_toroid,20x20,RECT_toroid,62,0.999704246683008,20.447757361393318,1.204477573613933,0.8731751123351977,0.051567975384487465,0.05264432581290217
digits,SOM_20x20_RECT_toroid,20x20,RECT_toroid,63,0.9996638679032959,20.446877459218545,1.2044687745921854,0.8036677942573206,0.05889283011393014,0.05989485457190086
digits,SOM_20x20_RECT_toroid,20x20,RECT_toroid,64,0.9996289199525279,20.433723026258818,1.204337230262588,0.9197787986399723,0.05313184995445556,0.05181390146002669
digits,SOM_20x20_RECT_toroid,20x20,RECT_toroid,65,0.9996714081015678,20.45923598455661,1.2045923598455661,0.5485057509324865,0.06304160639206412,0.06727377020724658
digits,SOM_20x20_RECT_toroid,20x20,RECT_toroid,66,0.9997182595535031,20.454239404029124,1.204542394040291,0.6298492913885729,0.04477124501315661,0.047303524438274416
digits,SOM_20x20_RECT_toroid,20x20,RECT_toroid,67,0.9996767790759802,20.45246561548734,1.2045246561548735,0.6825861462247688,0.05688994646345625,0.0660570423067909
digits,SOM_20x20_RECT_toroid,20x20,RECT_toroid,68,0.9997159591263883,20.44966649999455,1.2044966649999456,0.8721716817247777,0.0608879693354894,0.05628053709501098
digits,SOM_20x20_RECT_toroid,20x20,RECT_toroid,69,0.9997137963977818,20.449683420931862,1.2044968342093185,0.7332061197276409,0.042408888444987886,0.041478121354520746
digits,SOM_20x20_RECT_toroid,20x20,RECT_toroid,70,0.9996928840018376,20.4484814912287,1.2044848149122869,0.8957528957528957,0.04353600742248974,0.04450216438719198
digits,SOM_20x20_RECT_toroid,20x20,RECT_toroid,71,0.9997171625065984,20.44989847588593,1.2044989847588594,0.8918366573490403,0.04917750018529171,0.04870193843302079
