{"TF_IDF": {"ARI": 0.11339287338341489, "NMI": 0.21581738415079418}, "SBERT": {"ARI": 0.10934645748167147, "NMI": 0.16710708139142696}}