{"20news": {"TF_IDF": {"ARI": 0.1256743702626318, "NMI": 0.20115354792180834}, "SBERT": {"ARI": 0.4088117463686573, "NMI": 0.48279065163780915}}, "6class": {"TF_IDF": {"ARI": 0.6924160468701838, "NMI": 0.7907331200513937}, "SBERT": {"ARI": 0.19203478550097602, "NMI": 0.2870885854639776}}}