{"TF_IDF": {"ARI": 0.16949531620367875, "NMI": 0.28441474443340464}, "SBERT": {"ARI": 0.5872773938169034, "NMI": 0.6027146470605429}}